,key,complexity,genre,meter,form,barNum,chord_changes,melody,first,last
0,Fbmajor,2,Alternative,4,,7,"['Fb', '|', 'Fb', '|', 'Bbbj7', '|', 'Bbbj7', '|', 'Cb6', '|', 'Ab-7', '|', 'Bbbj7', 'Cb', '|', 'Cb']","['Fb4Q', 'Ab4Q', 'Cb4Q', 'Fb5W', 'Eb5W', 'Fb5Q', '(', '|', 'Fb5Q', 'Fb5Q', 'Eb5Q', '|', 'Bbb4Q', 'Db5Q', 'Fb5Q', 'Ab5W', 'Gb5W', 'Fb5Q', '(', '|', 'Fb5Q', 'Fb5Q', 'Eb5Q', '|', 'Cb4Q', 'Eb5Q', 'Gb5Q', 'Ab5W', 'Gb5R', '|', 'Ab4Q', 'Cb4Q', 'Eb5Q', 'Gb5W', 'Fb5R', '|', 'Bbb4Q', 'Db5Q', 'Fb5Q', 'Ab5W', 'Gb5Q', ';', 'Gb5Q', '(', '|', 'Gb5Q', '(']",Fb,Cb
1,Cbmajor,2,Alternative,4,,7,"['Cb', '|', 'Cb', '|', 'Fbj7', '|', 'Fbj7', '|', 'Gb6', '|', 'Eb-7', '|', 'Fbj7', 'Gb', '|', 'Gb']","['Cb4Q', 'Eb5Q', 'Gb5Q', 'Cb5W', 'Bb5W', 'Cb5Q', '(', '|', 'Cb5Q', 'Cb5Q', 'Bb5Q', '|', 'Fb5Q', 'Ab5Q', 'Cb5Q', 'Eb6W', 'Db6W', 'Cb5Q', '(', '|', 'Cb5Q', 'Cb5Q', 'Bb5Q', '|', 'Gb5Q', 'Bb5Q', 'Db6Q', 'Eb6W', 'Db6R', '|', 'Eb5Q', 'Gb5Q', 'Bb5Q', 'Db6W', 'Cb5R', '|', 'Fb5Q', 'Ab5Q', 'Cb5Q', 'Eb6W', 'Db6Q', ';', 'Db6Q', '(', '|', 'Db6Q', '(']",Cb,Gb
2,Gbmajor,2,Alternative,4,,7,"['Gb', '|', 'Gb', '|', 'Cbj7', '|', 'Cbj7', '|', 'Db6', '|', 'Bb-7', '|', 'Cbj7', 'Db', '|', 'Db']","['Gb4Q', 'Bb4Q', 'Db5Q', 'Gb5W', 'F5W', 'Gb5Q', '(', '|', 'Gb5Q', 'Gb5Q', 'F5Q', '|', 'Cb4Q', 'Eb5Q', 'Gb5Q', 'Bb5W', 'Ab5W', 'Gb5Q', '(', '|', 'Gb5Q', 'Gb5Q', 'F5Q', '|', 'Db5Q', 'F5Q', 'Ab5Q', 'Bb5W', 'Ab5R', '|', 'Bb4Q', 'Db5Q', 'F5Q', 'Ab5W', 'Gb5R', '|', 'Cb4Q', 'Eb5Q', 'Gb5Q', 'Bb5W', 'Ab5Q', ';', 'Ab5Q', '(', '|', 'Ab5Q', '(']",Gb,Db
3,Dbmajor,2,Alternative,4,,7,"['Db', '|', 'Db', '|', 'Gbj7', '|', 'Gbj7', '|', 'Ab6', '|', 'F-7', '|', 'Gbj7', 'Ab', '|', 'Ab']","['Db4Q', 'F4Q', 'Ab4Q', 'Db5W', 'C5W', 'Db5Q', '(', '|', 'Db5Q', 'Db5Q', 'C5Q', '|', 'Gb4Q', 'Bb4Q', 'Db5Q', 'F5W', 'Eb5W', 'Db5Q', '(', '|', 'Db5Q', 'Db5Q', 'C5Q', '|', 'Ab4Q', 'C5Q', 'Eb5Q', 'F5W', 'Eb5R', '|', 'F4Q', 'Ab4Q', 'C5Q', 'Eb5W', 'Db5R', '|', 'Gb4Q', 'Bb4Q', 'Db5Q', 'F5W', 'Eb5Q', ';', 'Eb5Q', '(', '|', 'Eb5Q', '(']",Db,Ab
4,Abmajor,2,Alternative,4,,7,"['Ab', '|', 'Ab', '|', 'Dbj7', '|', 'Dbj7', '|', 'Eb6', '|', 'C-7', '|', 'Dbj7', 'Eb', '|', 'Eb']","['Ab4Q', 'C5Q', 'Eb5Q', 'Ab5W', 'G5W', 'Ab5Q', '(', '|', 'Ab5Q', 'Ab5Q', 'G5Q', '|', 'Db5Q', 'F5Q', 'Ab5Q', 'C6W', 'Bb5W', 'Ab5Q', '(', '|', 'Ab5Q', 'Ab5Q', 'G5Q', '|', 'Eb5Q', 'G5Q', 'Bb5Q', 'C6W', 'Bb5R', '|', 'C5Q', 'Eb5Q', 'G5Q', 'Bb5W', 'Ab5R', '|', 'Db5Q', 'F5Q', 'Ab5Q', 'C6W', 'Bb5Q', ';', 'Bb5Q', '(', '|', 'Bb5Q', '(']",Ab,Eb
5,Ebmajor,2,Alternative,4,,7,"['Eb', '|', 'Eb', '|', 'Abj7', '|', 'Abj7', '|', 'Bb6', '|', 'G-7', '|', 'Abj7', 'Bb', '|', 'Bb']","['Eb4Q', 'G4Q', 'Bb4Q', 'Eb5W', 'D5W', 'Eb5Q', '(', '|', 'Eb5Q', 'Eb5Q', 'D5Q', '|', 'Ab4Q', 'C5Q', 'Eb5Q', 'G5W', 'F5W', 'Eb5Q', '(', '|', 'Eb5Q', 'Eb5Q', 'D5Q', '|', 'Bb4Q', 'D5Q', 'F5Q', 'G5W', 'F5R', '|', 'G4Q', 'Bb4Q', 'D5Q', 'F5W', 'Eb5R', '|', 'Ab4Q', 'C5Q', 'Eb5Q', 'G5W', 'F5Q', ';', 'F5Q', '(', '|', 'F5Q', '(']",Eb,Bb
6,Bbmajor,2,Alternative,4,,7,"['Bb', '|', 'Bb', '|', 'Ebj7', '|', 'Ebj7', '|', 'F6', '|', 'D-7', '|', 'Ebj7', 'F', '|', 'F']","['Bb4Q', 'D5Q', 'F5Q', 'Bb5W', 'A5W', 'Bb5Q', '(', '|', 'Bb5Q', 'Bb5Q', 'A5Q', '|', 'Eb5Q', 'G5Q', 'Bb5Q', 'D6W', 'C6W', 'Bb5Q', '(', '|', 'Bb5Q', 'Bb5Q', 'A5Q', '|', 'F5Q', 'A5Q', 'C6Q', 'D6W', 'C6R', '|', 'D5Q', 'F5Q', 'A5Q', 'C6W', 'Bb5R', '|', 'Eb5Q', 'G5Q', 'Bb5Q', 'D6W', 'C6Q', ';', 'C6Q', '(', '|', 'C6Q', '(']",Bb,F
7,Fmajor,2,Alternative,4,,7,"['F', '|', 'F', '|', 'Bbj7', '|', 'Bbj7', '|', 'C6', '|', 'A-7', '|', 'Bbj7', 'C', '|', 'C']","['F4Q', 'A4Q', 'C5Q', 'F5W', 'E5W', 'F5Q', '(', '|', 'F5Q', 'F5Q', 'E5Q', '|', 'Bb4Q', 'D5Q', 'F5Q', 'A5W', 'G5W', 'F5Q', '(', '|', 'F5Q', 'F5Q', 'E5Q', '|', 'C5Q', 'E5Q', 'G5Q', 'A5W', 'G5R', '|', 'A4Q', 'C5Q', 'E5Q', 'G5W', 'F5R', '|', 'Bb4Q', 'D5Q', 'F5Q', 'A5W', 'G5Q', ';', 'G5Q', '(', '|', 'G5Q', '(']",F,C
8,Cmajor,2,Alternative,4,,7,"['C', '|', 'C', '|', 'Fj7', '|', 'Fj7', '|', 'G6', '|', 'E-7', '|', 'Fj7', 'G', '|', 'G']","['C4Q', 'E4Q', 'G4Q', 'C5W', 'B4W', 'C5Q', '(', '|', 'C5Q', 'C5Q', 'B4Q', '|', 'F4Q', 'A4Q', 'C5Q', 'E5W', 'D5W', 'C5Q', '(', '|', 'C5Q', 'C5Q', 'B4Q', '|', 'G4Q', 'B4Q', 'D5Q', 'E5W', 'D5R', '|', 'E4Q', 'G4Q', 'B4Q', 'D5W', 'C5R', '|', 'F4Q', 'A4Q', 'C5Q', 'E5W', 'D5Q', ';', 'D5Q', '(', '|', 'D5Q', '(']",C,G
9,Gmajor,2,Alternative,4,,7,"['G', '|', 'G', '|', 'Cj7', '|', 'Cj7', '|', 'D6', '|', 'B-7', '|', 'Cj7', 'D', '|', 'D']","['G4Q', 'B4Q', 'D5Q', 'G5W', 'F#5W', 'G5Q', '(', '|', 'G5Q', 'G5Q', 'F#5Q', '|', 'C5Q', 'E5Q', 'G5Q', 'B5W', 'A5W', 'G5Q', '(', '|', 'G5Q', 'G5Q', 'F#5Q', '|', 'D5Q', 'F#5Q', 'A5Q', 'B5W', 'A5R', '|', 'B4Q', 'D5Q', 'F#5Q', 'A5W', 'G5R', '|', 'C5Q', 'E5Q', 'G5Q', 'B5W', 'A5Q', ';', 'A5Q', '(', '|', 'A5Q', '(']",G,D
10,Dmajor,2,Alternative,4,,7,"['D', '|', 'D', '|', 'Gj7', '|', 'Gj7', '|', 'A6', '|', 'F#-7', '|', 'Gj7', 'A', '|', 'A']","['D4Q', 'F#4Q', 'A4Q', 'D5W', 'C#5W', 'D5Q', '(', '|', 'D5Q', 'D5Q', 'C#5Q', '|', 'G4Q', 'B4Q', 'D5Q', 'F#5W', 'E5W', 'D5Q', '(', '|', 'D5Q', 'D5Q', 'C#5Q', '|', 'A4Q', 'C#5Q', 'E5Q', 'F#5W', 'E5R', '|', 'F#4Q', 'A4Q', 'C#5Q', 'E5W', 'D5R', '|', 'G4Q', 'B4Q', 'D5Q', 'F#5W', 'E5Q', ';', 'E5Q', '(', '|', 'E5Q', '(']",D,A
11,Amajor,2,Alternative,4,,7,"['A', '|', 'A', '|', 'Dj7', '|', 'Dj7', '|', 'E6', '|', 'C#-7', '|', 'Dj7', 'E', '|', 'E']","['A4Q', 'C#5Q', 'E5Q', 'A5W', 'G#5W', 'A5Q', '(', '|', 'A5Q', 'A5Q', 'G#5Q', '|', 'D5Q', 'F#5Q', 'A5Q', 'C#6W', 'B5W', 'A5Q', '(', '|', 'A5Q', 'A5Q', 'G#5Q', '|', 'E5Q', 'G#5Q', 'B5Q', 'C#6W', 'B5R', '|', 'C#5Q', 'E5Q', 'G#5Q', 'B5W', 'A5R', '|', 'D5Q', 'F#5Q', 'A5Q', 'C#6W', 'B5Q', ';', 'B5Q', '(', '|', 'B5Q', '(']",A,E
12,Emajor,2,Alternative,4,,7,"['E', '|', 'E', '|', 'Aj7', '|', 'Aj7', '|', 'B6', '|', 'G#-7', '|', 'Aj7', 'B', '|', 'B']","['E4Q', 'G#4Q', 'B4Q', 'E5W', 'D#5W', 'E5Q', '(', '|', 'E5Q', 'E5Q', 'D#5Q', '|', 'A4Q', 'C#5Q', 'E5Q', 'G#5W', 'F#5W', 'E5Q', '(', '|', 'E5Q', 'E5Q', 'D#5Q', '|', 'B4Q', 'D#5Q', 'F#5Q', 'G#5W', 'F#5R', '|', 'G#4Q', 'B4Q', 'D#5Q', 'F#5W', 'E5R', '|', 'A4Q', 'C#5Q', 'E5Q', 'G#5W', 'F#5Q', ';', 'F#5Q', '(', '|', 'F#5Q', '(']",E,B
13,Bmajor,2,Alternative,4,,7,"['B', '|', 'B', '|', 'Ej7', '|', 'Ej7', '|', 'F#6', '|', 'D#-7', '|', 'Ej7', 'F#', '|', 'F#']","['B3Q', 'D#4Q', 'F#4Q', 'B4W', 'A#4W', 'B4Q', '(', '|', 'B4Q', 'B4Q', 'A#4Q', '|', 'E4Q', 'G#4Q', 'B4Q', 'D#5W', 'C#5W', 'B4Q', '(', '|', 'B4Q', 'B4Q', 'A#4Q', '|', 'F#4Q', 'A#4Q', 'C#5Q', 'D#5W', 'C#5R', '|', 'D#4Q', 'F#4Q', 'A#4Q', 'C#5W', 'B4R', '|', 'E4Q', 'G#4Q', 'B4Q', 'D#5W', 'C#5Q', ';', 'C#5Q', '(', '|', 'C#5Q', '(']",B,F#
14,F#major,2,Alternative,4,,7,"['F#', '|', 'F#', '|', 'Bj7', '|', 'Bj7', '|', 'C#6', '|', 'A#-7', '|', 'Bj7', 'C#', '|', 'C#']","['F#4Q', 'A#4Q', 'C#5Q', 'F#5W', 'E#5W', 'F#5Q', '(', '|', 'F#5Q', 'F#5Q', 'E#5Q', '|', 'B4Q', 'D#5Q', 'F#5Q', 'A#5W', 'G#5W', 'F#5Q', '(', '|', 'F#5Q', 'F#5Q', 'E#5Q', '|', 'C#5Q', 'E#5Q', 'G#5Q', 'A#5W', 'G#5R', '|', 'A#4Q', 'C#5Q', 'E#5Q', 'G#5W', 'F#5R', '|', 'B4Q', 'D#5Q', 'F#5Q', 'A#5W', 'G#5Q', ';', 'G#5Q', '(', '|', 'G#5Q', '(']",F#,C#
15,C#major,2,Alternative,4,,7,"['C#', '|', 'C#', '|', 'F#j7', '|', 'F#j7', '|', 'G#6', '|', 'E#-7', '|', 'F#j7', 'G#', '|', 'G#']","['C#4Q', 'E#4Q', 'G#4Q', 'C#5W', 'B#5W', 'C#5Q', '(', '|', 'C#5Q', 'C#5Q', 'B#5Q', '|', 'F#4Q', 'A#4Q', 'C#5Q', 'E#5W', 'D#5W', 'C#5Q', '(', '|', 'C#5Q', 'C#5Q', 'B#5Q', '|', 'G#4Q', 'B#5Q', 'D#5Q', 'E#5W', 'D#5R', '|', 'E#4Q', 'G#4Q', 'B#5Q', 'D#5W', 'C#5R', '|', 'F#4Q', 'A#4Q', 'C#5Q', 'E#5W', 'D#5Q', ';', 'D#5Q', '(', '|', 'D#5Q', '(']",C#,G#
16,G#major,2,Alternative,4,,7,"['G#', '|', 'G#', '|', 'C#j7', '|', 'C#j7', '|', 'D#6', '|', 'B#-7', '|', 'C#j7', 'D#', '|', 'D#']","['G#4Q', 'B#5Q', 'D#5Q', 'G#5W', 'F*5W', 'G#5Q', '(', '|', 'G#5Q', 'G#5Q', 'F*5Q', '|', 'C#5Q', 'E#5Q', 'G#5Q', 'B#6W', 'A#5W', 'G#5Q', '(', '|', 'G#5Q', 'G#5Q', 'F*5Q', '|', 'D#5Q', 'F*5Q', 'A#5Q', 'B#6W', 'A#5R', '|', 'B#5Q', 'D#5Q', 'F*5Q', 'A#5W', 'G#5R', '|', 'C#5Q', 'E#5Q', 'G#5Q', 'B#6W', 'A#5Q', ';', 'A#5Q', '(', '|', 'A#5Q', '(']",G#,D#
17,Fbmajor,1,Experimental,4,,16,"['Fb', 'Cb', '|', 'Cb', '|', 'Db-', 'Ab-', '|', 'Ab-', '|', 'Bbb', 'Fb', '|', 'Fb', '|', 'Cb', '|', 'Cb', '|', 'Fb', '|', 'Bbb', 'Cb', '|', 'Cb', '|', 'Fb', 'Ebb', '|', 'Db-', '|', 'Bbb', 'Cb', '|', 'Cb', '|', 'Fb', '|', 'Fb']","['Cb5Q', 'RESTQ', 'Ab5Q', 'Bbb5W', '(', ';', 'Bbb5Q', 'Cb5Q', '(', '|', 'Cb5T', 'Eb6R', '(', '|', 'Eb6Q', 'Fb6W', 'Eb6W', 'Db6Q', 'Cb5W', '(', ';', 'Cb5Q', 'Cb5Q', '(', '|', 'Cb5T', 'Eb6R', '(', '|', 'Eb6Q', 'Fb6W', 'Eb6W', 'Db6Q', 'Cb5Q', '(', ';', 'Cb5Q', 'Cb5Q', '(', '|', 'Cb5W', 'Cb5W', 'Cb5W', 'Eb6Q', 'Fb6Q', 'Eb6Q', '(', '|', 'Eb6R', 'Eb6R', 'RESTW', '|', 'RESTT', 'Db6R', '|', 'RESTT', 'Cb5Q', '|', 'Bbb5Q', 'Bbb5Q', 'Db6Q', 'Fb6W', ';', 'Eb6Q', '(', '|', 'Eb6T', 'Db6R', '|', 'Cb5R', 'Cb5R', ';', 'Fb6Q', 'Gb6W', 'Gb6Q', '(', '|', 'Gb6Q', 'Fb6R', 'RESTQ', 'Eb6R', '|', 'Fb6R', 'Eb6R', 'Bbb5Q', 'Bbb5W', ';', 'Cb5Q', '(', '|', 'Cb5Q', 'Db6Q', 'Eb6W', 'Fb6Q', '(', '|', 'Fb6Q', '(', '|', 'Fb6Q', '(']",Fb,Fb
18,Cbmajor,1,Experimental,4,,16,"['Cb', 'Gb', '|', 'Gb', '|', 'Ab-', 'Eb-', '|', 'Eb-', '|', 'Fb', 'Cb', '|', 'Cb', '|', 'Gb', '|', 'Gb', '|', 'Cb', '|', 'Fb', 'Gb', '|', 'Gb', '|', 'Cb', 'Bbb', '|', 'Ab-', '|', 'Fb', 'Gb', '|', 'Gb', '|', 'Cb', '|', 'Cb']","['Gb6Q', 'RESTQ', 'Eb6Q', 'Fb6W', '(', ';', 'Fb6Q', 'Gb6Q', '(', '|', 'Gb6T', 'Bb6R', '(', '|', 'Bb6Q', 'Cb6W', 'Bb6W', 'Ab6Q', 'Gb6W', '(', ';', 'Gb6Q', 'Gb6Q', '(', '|', 'Gb6T', 'Bb6R', '(', '|', 'Bb6Q', 'Cb6W', 'Bb6W', 'Ab6Q', 'Gb6Q', '(', ';', 'Gb6Q', 'Gb6Q', '(', '|', 'Gb6W', 'Gb6W', 'Gb6W', 'Bb6Q', 'Cb6Q', 'Bb6Q', '(', '|', 'Bb6R', 'Bb6R', 'RESTW', '|', 'RESTT', 'Ab6R', '|', 'RESTT', 'Gb6Q', '|', 'Fb6Q', 'Fb6Q', 'Ab6Q', 'Cb6W', ';', 'Bb6Q', '(', '|', 'Bb6T', 'Ab6R', '|', 'Gb6R', 'Gb6R', ';', 'Cb6Q', 'Db7W', 'Db7Q', '(', '|', 'Db7Q', 'Cb6R', 'RESTQ', 'Bb6R', '|', 'Cb6R', 'Bb6R', 'Fb6Q', 'Fb6W', ';', 'Gb6Q', '(', '|', 'Gb6Q', 'Ab6Q', 'Bb6W', 'Cb6Q', '(', '|', 'Cb6Q', '(', '|', 'Cb6Q', '(']",Cb,Cb
19,Gbmajor,1,Experimental,4,,16,"['Gb', 'Db', '|', 'Db', '|', 'Eb-', 'Bb-', '|', 'Bb-', '|', 'Cb', 'Gb', '|', 'Gb', '|', 'Db', '|', 'Db', '|', 'Gb', '|', 'Cb', 'Db', '|', 'Db', '|', 'Gb', 'Fb', '|', 'Eb-', '|', 'Cb', 'Db', '|', 'Db', '|', 'Gb', '|', 'Gb']","['Db6Q', 'RESTQ', 'Bb5Q', 'Cb5W', '(', ';', 'Cb5Q', 'Db6Q', '(', '|', 'Db6T', 'F6R', '(', '|', 'F6Q', 'Gb6W', 'F6W', 'Eb6Q', 'Db6W', '(', ';', 'Db6Q', 'Db6Q', '(', '|', 'Db6T', 'F6R', '(', '|', 'F6Q', 'Gb6W', 'F6W', 'Eb6Q', 'Db6Q', '(', ';', 'Db6Q', 'Db6Q', '(', '|', 'Db6W', 'Db6W', 'Db6W', 'F6Q', 'Gb6Q', 'F6Q', '(', '|', 'F6R', 'F6R', 'RESTW', '|', 'RESTT', 'Eb6R', '|', 'RESTT', 'Db6Q', '|', 'Cb5Q', 'Cb5Q', 'Eb6Q', 'Gb6W', ';', 'F6Q', '(', '|', 'F6T', 'Eb6R', '|', 'Db6R', 'Db6R', ';', 'Gb6Q', 'Ab6W', 'Ab6Q', '(', '|', 'Ab6Q', 'Gb6R', 'RESTQ', 'F6R', '|', 'Gb6R', 'F6R', 'Cb5Q', 'Cb5W', ';', 'Db6Q', '(', '|', 'Db6Q', 'Eb6Q', 'F6W', 'Gb6Q', '(', '|', 'Gb6Q', '(', '|', 'Gb6Q', '(']",Gb,Gb
20,Dbmajor,1,Experimental,4,,16,"['Db', 'Ab', '|', 'Ab', '|', 'Bb-', 'F-', '|', 'F-', '|', 'Gb', 'Db', '|', 'Db', '|', 'Ab', '|', 'Ab', '|', 'Db', '|', 'Gb', 'Ab', '|', 'Ab', '|', 'Db', 'Cb', '|', 'Bb-', '|', 'Gb', 'Ab', '|', 'Ab', '|', 'Db', '|', 'Db']","['Ab5Q', 'RESTQ', 'F5Q', 'Gb5W', '(', ';', 'Gb5Q', 'Ab5Q', '(', '|', 'Ab5T', 'C6R', '(', '|', 'C6Q', 'Db6W', 'C6W', 'Bb5Q', 'Ab5W', '(', ';', 'Ab5Q', 'Ab5Q', '(', '|', 'Ab5T', 'C6R', '(', '|', 'C6Q', 'Db6W', 'C6W', 'Bb5Q', 'Ab5Q', '(', ';', 'Ab5Q', 'Ab5Q', '(', '|', 'Ab5W', 'Ab5W', 'Ab5W', 'C6Q', 'Db6Q', 'C6Q', '(', '|', 'C6R', 'C6R', 'RESTW', '|', 'RESTT', 'Bb5R', '|', 'RESTT', 'Ab5Q', '|', 'Gb5Q', 'Gb5Q', 'Bb5Q', 'Db6W', ';', 'C6Q', '(', '|', 'C6T', 'Bb5R', '|', 'Ab5R', 'Ab5R', ';', 'Db6Q', 'Eb6W', 'Eb6Q', '(', '|', 'Eb6Q', 'Db6R', 'RESTQ', 'C6R', '|', 'Db6R', 'C6R', 'Gb5Q', 'Gb5W', ';', 'Ab5Q', '(', '|', 'Ab5Q', 'Bb5Q', 'C6W', 'Db6Q', '(', '|', 'Db6Q', '(', '|', 'Db6Q', '(']",Db,Db
21,Abmajor,1,Experimental,4,,16,"['Ab', 'Eb', '|', 'Eb', '|', 'F-', 'C-', '|', 'C-', '|', 'Db', 'Ab', '|', 'Ab', '|', 'Eb', '|', 'Eb', '|', 'Ab', '|', 'Db', 'Eb', '|', 'Eb', '|', 'Ab', 'Gb', '|', 'F-', '|', 'Db', 'Eb', '|', 'Eb', '|', 'Ab', '|', 'Ab']","['Eb6Q', 'RESTQ', 'C6Q', 'Db6W', '(', ';', 'Db6Q', 'Eb6Q', '(', '|', 'Eb6T', 'G6R', '(', '|', 'G6Q', 'Ab6W', 'G6W', 'F6Q', 'Eb6W', '(', ';', 'Eb6Q', 'Eb6Q', '(', '|', 'Eb6T', 'G6R', '(', '|', 'G6Q', 'Ab6W', 'G6W', 'F6Q', 'Eb6Q', '(', ';', 'Eb6Q', 'Eb6Q', '(', '|', 'Eb6W', 'Eb6W', 'Eb6W', 'G6Q', 'Ab6Q', 'G6Q', '(', '|', 'G6R', 'G6R', 'RESTW', '|', 'RESTT', 'F6R', '|', 'RESTT', 'Eb6Q', '|', 'Db6Q', 'Db6Q', 'F6Q', 'Ab6W', ';', 'G6Q', '(', '|', 'G6T', 'F6R', '|', 'Eb6R', 'Eb6R', ';', 'Ab6Q', 'Bb6W', 'Bb6Q', '(', '|', 'Bb6Q', 'Ab6R', 'RESTQ', 'G6R', '|', 'Ab6R', 'G6R', 'Db6Q', 'Db6W', ';', 'Eb6Q', '(', '|', 'Eb6Q', 'F6Q', 'G6W', 'Ab6Q', '(', '|', 'Ab6Q', '(', '|', 'Ab6Q', '(']",Ab,Ab
22,Ebmajor,1,Experimental,4,,16,"['Eb', 'Bb', '|', 'Bb', '|', 'C-', 'G-', '|', 'G-', '|', 'Ab', 'Eb', '|', 'Eb', '|', 'Bb', '|', 'Bb', '|', 'Eb', '|', 'Ab', 'Bb', '|', 'Bb', '|', 'Eb', 'Db', '|', 'C-', '|', 'Ab', 'Bb', '|', 'Bb', '|', 'Eb', '|', 'Eb']","['Bb5Q', 'RESTQ', 'G5Q', 'Ab5W', '(', ';', 'Ab5Q', 'Bb5Q', '(', '|', 'Bb5T', 'D6R', '(', '|', 'D6Q', 'Eb6W', 'D6W', 'C6Q', 'Bb5W', '(', ';', 'Bb5Q', 'Bb5Q', '(', '|', 'Bb5T', 'D6R', '(', '|', 'D6Q', 'Eb6W', 'D6W', 'C6Q', 'Bb5Q', '(', ';', 'Bb5Q', 'Bb5Q', '(', '|', 'Bb5W', 'Bb5W', 'Bb5W', 'D6Q', 'Eb6Q', 'D6Q', '(', '|', 'D6R', 'D6R', 'RESTW', '|', 'RESTT', 'C6R', '|', 'RESTT', 'Bb5Q', '|', 'Ab5Q', 'Ab5Q', 'C6Q', 'Eb6W', ';', 'D6Q', '(', '|', 'D6T', 'C6R', '|', 'Bb5R', 'Bb5R', ';', 'Eb6Q', 'F6W', 'F6Q', '(', '|', 'F6Q', 'Eb6R', 'RESTQ', 'D6R', '|', 'Eb6R', 'D6R', 'Ab5Q', 'Ab5W', ';', 'Bb5Q', '(', '|', 'Bb5Q', 'C6Q', 'D6W', 'Eb6Q', '(', '|', 'Eb6Q', '(', '|', 'Eb6Q', '(']",Eb,Eb
23,Bbmajor,1,Experimental,4,,16,"['Bb', 'F', '|', 'F', '|', 'G-', 'D-', '|', 'D-', '|', 'Eb', 'Bb', '|', 'Bb', '|', 'F', '|', 'F', '|', 'Bb', '|', 'Eb', 'F', '|', 'F', '|', 'Bb', 'Ab', '|', 'G-', '|', 'Eb', 'F', '|', 'F', '|', 'Bb', '|', 'Bb']","['F6Q', 'RESTQ', 'D6Q', 'Eb6W', '(', ';', 'Eb6Q', 'F6Q', '(', '|', 'F6T', 'A6R', '(', '|', 'A6Q', 'Bb6W', 'A6W', 'G6Q', 'F6W', '(', ';', 'F6Q', 'F6Q', '(', '|', 'F6T', 'A6R', '(', '|', 'A6Q', 'Bb6W', 'A6W', 'G6Q', 'F6Q', '(', ';', 'F6Q', 'F6Q', '(', '|', 'F6W', 'F6W', 'F6W', 'A6Q', 'Bb6Q', 'A6Q', '(', '|', 'A6R', 'A6R', 'RESTW', '|', 'RESTT', 'G6R', '|', 'RESTT', 'F6Q', '|', 'Eb6Q', 'Eb6Q', 'G6Q', 'Bb6W', ';', 'A6Q', '(', '|', 'A6T', 'G6R', '|', 'F6R', 'F6R', ';', 'Bb6Q', 'C7W', 'C7Q', '(', '|', 'C7Q', 'Bb6R', 'RESTQ', 'A6R', '|', 'Bb6R', 'A6R', 'Eb6Q', 'Eb6W', ';', 'F6Q', '(', '|', 'F6Q', 'G6Q', 'A6W', 'Bb6Q', '(', '|', 'Bb6Q', '(', '|', 'Bb6Q', '(']",Bb,Bb
24,Fmajor,1,Experimental,4,,16,"['F', 'C', '|', 'C', '|', 'D-', 'A-', '|', 'A-', '|', 'Bb', 'F', '|', 'F', '|', 'C', '|', 'C', '|', 'F', '|', 'Bb', 'C', '|', 'C', '|', 'F', 'Eb', '|', 'D-', '|', 'Bb', 'C', '|', 'C', '|', 'F', '|', 'F']","['C6Q', 'RESTQ', 'A5Q', 'Bb5W', '(', ';', 'Bb5Q', 'C6Q', '(', '|', 'C6T', 'E6R', '(', '|', 'E6Q', 'F6W', 'E6W', 'D6Q', 'C6W', '(', ';', 'C6Q', 'C6Q', '(', '|', 'C6T', 'E6R', '(', '|', 'E6Q', 'F6W', 'E6W', 'D6Q', 'C6Q', '(', ';', 'C6Q', 'C6Q', '(', '|', 'C6W', 'C6W', 'C6W', 'E6Q', 'F6Q', 'E6Q', '(', '|', 'E6R', 'E6R', 'RESTW', '|', 'RESTT', 'D6R', '|', 'RESTT', 'C6Q', '|', 'Bb5Q', 'Bb5Q', 'D6Q', 'F6W', ';', 'E6Q', '(', '|', 'E6T', 'D6R', '|', 'C6R', 'C6R', ';', 'F6Q', 'G6W', 'G6Q', '(', '|', 'G6Q', 'F6R', 'RESTQ', 'E6R', '|', 'F6R', 'E6R', 'Bb5Q', 'Bb5W', ';', 'C6Q', '(', '|', 'C6Q', 'D6Q', 'E6W', 'F6Q', '(', '|', 'F6Q', '(', '|', 'F6Q', '(']",F,F
25,Cmajor,1,Experimental,4,,16,"['C', 'G', '|', 'G', '|', 'A-', 'E-', '|', 'E-', '|', 'F', 'C', '|', 'C', '|', 'G', '|', 'G', '|', 'C', '|', 'F', 'G', '|', 'G', '|', 'C', 'Bb', '|', 'A-', '|', 'F', 'G', '|', 'G', '|', 'C', '|', 'C']","['G5Q', 'RESTQ', 'E5Q', 'F5W', '(', ';', 'F5Q', 'G5Q', '(', '|', 'G5T', 'B5R', '(', '|', 'B5Q', 'C6W', 'B5W', 'A5Q', 'G5W', '(', ';', 'G5Q', 'G5Q', '(', '|', 'G5T', 'B5R', '(', '|', 'B5Q', 'C6W', 'B5W', 'A5Q', 'G5Q', '(', ';', 'G5Q', 'G5Q', '(', '|', 'G5W', 'G5W', 'G5W', 'B5Q', 'C6Q', 'B5Q', '(', '|', 'B5R', 'B5R', 'RESTW', '|', 'RESTT', 'A5R', '|', 'RESTT', 'G5Q', '|', 'F5Q', 'F5Q', 'A5Q', 'C6W', ';', 'B5Q', '(', '|', 'B5T', 'A5R', '|', 'G5R', 'G5R', ';', 'C6Q', 'D6W', 'D6Q', '(', '|', 'D6Q', 'C6R', 'RESTQ', 'B5R', '|', 'C6R', 'B5R', 'F5Q', 'F5W', ';', 'G5Q', '(', '|', 'G5Q', 'A5Q', 'B5W', 'C6Q', '(', '|', 'C6Q', '(', '|', 'C6Q', '(']",C,C
26,Gmajor,1,Experimental,4,,16,"['G', 'D', '|', 'D', '|', 'E-', 'B-', '|', 'B-', '|', 'C', 'G', '|', 'G', '|', 'D', '|', 'D', '|', 'G', '|', 'C', 'D', '|', 'D', '|', 'G', 'F', '|', 'E-', '|', 'C', 'D', '|', 'D', '|', 'G', '|', 'G']","['D6Q', 'RESTQ', 'B5Q', 'C6W', '(', ';', 'C6Q', 'D6Q', '(', '|', 'D6T', 'F#6R', '(', '|', 'F#6Q', 'G6W', 'F#6W', 'E6Q', 'D6W', '(', ';', 'D6Q', 'D6Q', '(', '|', 'D6T', 'F#6R', '(', '|', 'F#6Q', 'G6W', 'F#6W', 'E6Q', 'D6Q', '(', ';', 'D6Q', 'D6Q', '(', '|', 'D6W', 'D6W', 'D6W', 'F#6Q', 'G6Q', 'F#6Q', '(', '|', 'F#6R', 'F#6R', 'RESTW', '|', 'RESTT', 'E6R', '|', 'RESTT', 'D6Q', '|', 'C6Q', 'C6Q', 'E6Q', 'G6W', ';', 'F#6Q', '(', '|', 'F#6T', 'E6R', '|', 'D6R', 'D6R', ';', 'G6Q', 'A6W', 'A6Q', '(', '|', 'A6Q', 'G6R', 'RESTQ', 'F#6R', '|', 'G6R', 'F#6R', 'C6Q', 'C6W', ';', 'D6Q', '(', '|', 'D6Q', 'E6Q', 'F#6W', 'G6Q', '(', '|', 'G6Q', '(', '|', 'G6Q', '(']",G,G
27,Dmajor,1,Experimental,4,,16,"['D', 'A', '|', 'A', '|', 'B-', 'F#-', '|', 'F#-', '|', 'G', 'D', '|', 'D', '|', 'A', '|', 'A', '|', 'D', '|', 'G', 'A', '|', 'A', '|', 'D', 'C', '|', 'B-', '|', 'G', 'A', '|', 'A', '|', 'D', '|', 'D']","['A5Q', 'RESTQ', 'F#5Q', 'G5W', '(', ';', 'G5Q', 'A5Q', '(', '|', 'A5T', 'C#6R', '(', '|', 'C#6Q', 'D6W', 'C#6W', 'B5Q', 'A5W', '(', ';', 'A5Q', 'A5Q', '(', '|', 'A5T', 'C#6R', '(', '|', 'C#6Q', 'D6W', 'C#6W', 'B5Q', 'A5Q', '(', ';', 'A5Q', 'A5Q', '(', '|', 'A5W', 'A5W', 'A5W', 'C#6Q', 'D6Q', 'C#6Q', '(', '|', 'C#6R', 'C#6R', 'RESTW', '|', 'RESTT', 'B5R', '|', 'RESTT', 'A5Q', '|', 'G5Q', 'G5Q', 'B5Q', 'D6W', ';', 'C#6Q', '(', '|', 'C#6T', 'B5R', '|', 'A5R', 'A5R', ';', 'D6Q', 'E6W', 'E6Q', '(', '|', 'E6Q', 'D6R', 'RESTQ', 'C#6R', '|', 'D6R', 'C#6R', 'G5Q', 'G5W', ';', 'A5Q', '(', '|', 'A5Q', 'B5Q', 'C#6W', 'D6Q', '(', '|', 'D6Q', '(', '|', 'D6Q', '(']",D,D
28,Amajor,1,Experimental,4,,16,"['A', 'E', '|', 'E', '|', 'F#-', 'C#-', '|', 'C#-', '|', 'D', 'A', '|', 'A', '|', 'E', '|', 'E', '|', 'A', '|', 'D', 'E', '|', 'E', '|', 'A', 'G', '|', 'F#-', '|', 'D', 'E', '|', 'E', '|', 'A', '|', 'A']","['E6Q', 'RESTQ', 'C#6Q', 'D6W', '(', ';', 'D6Q', 'E6Q', '(', '|', 'E6T', 'G#6R', '(', '|', 'G#6Q', 'A6W', 'G#6W', 'F#6Q', 'E6W', '(', ';', 'E6Q', 'E6Q', '(', '|', 'E6T', 'G#6R', '(', '|', 'G#6Q', 'A6W', 'G#6W', 'F#6Q', 'E6Q', '(', ';', 'E6Q', 'E6Q', '(', '|', 'E6W', 'E6W', 'E6W', 'G#6Q', 'A6Q', 'G#6Q', '(', '|', 'G#6R', 'G#6R', 'RESTW', '|', 'RESTT', 'F#6R', '|', 'RESTT', 'E6Q', '|', 'D6Q', 'D6Q', 'F#6Q', 'A6W', ';', 'G#6Q', '(', '|', 'G#6T', 'F#6R', '|', 'E6R', 'E6R', ';', 'A6Q', 'B6W', 'B6Q', '(', '|', 'B6Q', 'A6R', 'RESTQ', 'G#6R', '|', 'A6R', 'G#6R', 'D6Q', 'D6W', ';', 'E6Q', '(', '|', 'E6Q', 'F#6Q', 'G#6W', 'A6Q', '(', '|', 'A6Q', '(', '|', 'A6Q', '(']",A,A
29,Emajor,1,Experimental,4,,16,"['E', 'B', '|', 'B', '|', 'C#-', 'G#-', '|', 'G#-', '|', 'A', 'E', '|', 'E', '|', 'B', '|', 'B', '|', 'E', '|', 'A', 'B', '|', 'B', '|', 'E', 'D', '|', 'C#-', '|', 'A', 'B', '|', 'B', '|', 'E', '|', 'E']","['B5Q', 'RESTQ', 'G#5Q', 'A5W', '(', ';', 'A5Q', 'B5Q', '(', '|', 'B5T', 'D#6R', '(', '|', 'D#6Q', 'E6W', 'D#6W', 'C#6Q', 'B5W', '(', ';', 'B5Q', 'B5Q', '(', '|', 'B5T', 'D#6R', '(', '|', 'D#6Q', 'E6W', 'D#6W', 'C#6Q', 'B5Q', '(', ';', 'B5Q', 'B5Q', '(', '|', 'B5W', 'B5W', 'B5W', 'D#6Q', 'E6Q', 'D#6Q', '(', '|', 'D#6R', 'D#6R', 'RESTW', '|', 'RESTT', 'C#6R', '|', 'RESTT', 'B5Q', '|', 'A5Q', 'A5Q', 'C#6Q', 'E6W', ';', 'D#6Q', '(', '|', 'D#6T', 'C#6R', '|', 'B5R', 'B5R', ';', 'E6Q', 'F#6W', 'F#6Q', '(', '|', 'F#6Q', 'E6R', 'RESTQ', 'D#6R', '|', 'E6R', 'D#6R', 'A5Q', 'A5W', ';', 'B5Q', '(', '|', 'B5Q', 'C#6Q', 'D#6W', 'E6Q', '(', '|', 'E6Q', '(', '|', 'E6Q', '(']",E,E
30,Bmajor,1,Experimental,4,,16,"['B', 'F#', '|', 'F#', '|', 'G#-', 'D#-', '|', 'D#-', '|', 'E', 'B', '|', 'B', '|', 'F#', '|', 'F#', '|', 'B', '|', 'E', 'F#', '|', 'F#', '|', 'B', 'A', '|', 'G#-', '|', 'E', 'F#', '|', 'F#', '|', 'B', '|', 'B']","['F#5Q', 'RESTQ', 'D#5Q', 'E5W', '(', ';', 'E5Q', 'F#5Q', '(', '|', 'F#5T', 'A#5R', '(', '|', 'A#5Q', 'B5W', 'A#5W', 'G#5Q', 'F#5W', '(', ';', 'F#5Q', 'F#5Q', '(', '|', 'F#5T', 'A#5R', '(', '|', 'A#5Q', 'B5W', 'A#5W', 'G#5Q', 'F#5Q', '(', ';', 'F#5Q', 'F#5Q', '(', '|', 'F#5W', 'F#5W', 'F#5W', 'A#5Q', 'B5Q', 'A#5Q', '(', '|', 'A#5R', 'A#5R', 'RESTW', '|', 'RESTT', 'G#5R', '|', 'RESTT', 'F#5Q', '|', 'E5Q', 'E5Q', 'G#5Q', 'B5W', ';', 'A#5Q', '(', '|', 'A#5T', 'G#5R', '|', 'F#5R', 'F#5R', ';', 'B5Q', 'C#6W', 'C#6Q', '(', '|', 'C#6Q', 'B5R', 'RESTQ', 'A#5R', '|', 'B5R', 'A#5R', 'E5Q', 'E5W', ';', 'F#5Q', '(', '|', 'F#5Q', 'G#5Q', 'A#5W', 'B5Q', '(', '|', 'B5Q', '(', '|', 'B5Q', '(']",B,B
31,F#major,1,Experimental,4,,16,"['F#', 'C#', '|', 'C#', '|', 'D#-', 'A#-', '|', 'A#-', '|', 'B', 'F#', '|', 'F#', '|', 'C#', '|', 'C#', '|', 'F#', '|', 'B', 'C#', '|', 'C#', '|', 'F#', 'E', '|', 'D#-', '|', 'B', 'C#', '|', 'C#', '|', 'F#', '|', 'F#']","['C#6Q', 'RESTQ', 'A#5Q', 'B5W', '(', ';', 'B5Q', 'C#6Q', '(', '|', 'C#6T', 'E#6R', '(', '|', 'E#6Q', 'F#6W', 'E#6W', 'D#6Q', 'C#6W', '(', ';', 'C#6Q', 'C#6Q', '(', '|', 'C#6T', 'E#6R', '(', '|', 'E#6Q', 'F#6W', 'E#6W', 'D#6Q', 'C#6Q', '(', ';', 'C#6Q', 'C#6Q', '(', '|', 'C#6W', 'C#6W', 'C#6W', 'E#6Q', 'F#6Q', 'E#6Q', '(', '|', 'E#6R', 'E#6R', 'RESTW', '|', 'RESTT', 'D#6R', '|', 'RESTT', 'C#6Q', '|', 'B5Q', 'B5Q', 'D#6Q', 'F#6W', ';', 'E#6Q', '(', '|', 'E#6T', 'D#6R', '|', 'C#6R', 'C#6R', ';', 'F#6Q', 'G#6W', 'G#6Q', '(', '|', 'G#6Q', 'F#6R', 'RESTQ', 'E#6R', '|', 'F#6R', 'E#6R', 'B5Q', 'B5W', ';', 'C#6Q', '(', '|', 'C#6Q', 'D#6Q', 'E#6W', 'F#6Q', '(', '|', 'F#6Q', '(', '|', 'F#6Q', '(']",F#,F#
32,C#major,1,Experimental,4,,16,"['C#', 'G#', '|', 'G#', '|', 'A#-', 'E#-', '|', 'E#-', '|', 'F#', 'C#', '|', 'C#', '|', 'G#', '|', 'G#', '|', 'C#', '|', 'F#', 'G#', '|', 'G#', '|', 'C#', 'B', '|', 'A#-', '|', 'F#', 'G#', '|', 'G#', '|', 'C#', '|', 'C#']","['G#5Q', 'RESTQ', 'E#5Q', 'F#5W', '(', ';', 'F#5Q', 'G#5Q', '(', '|', 'G#5T', 'B#6R', '(', '|', 'B#6Q', 'C#6W', 'B#6W', 'A#5Q', 'G#5W', '(', ';', 'G#5Q', 'G#5Q', '(', '|', 'G#5T', 'B#6R', '(', '|', 'B#6Q', 'C#6W', 'B#6W', 'A#5Q', 'G#5Q', '(', ';', 'G#5Q', 'G#5Q', '(', '|', 'G#5W', 'G#5W', 'G#5W', 'B#6Q', 'C#6Q', 'B#6Q', '(', '|', 'B#6R', 'B#6R', 'RESTW', '|', 'RESTT', 'A#5R', '|', 'RESTT', 'G#5Q', '|', 'F#5Q', 'F#5Q', 'A#5Q', 'C#6W', ';', 'B#6Q', '(', '|', 'B#6T', 'A#5R', '|', 'G#5R', 'G#5R', ';', 'C#6Q', 'D#6W', 'D#6Q', '(', '|', 'D#6Q', 'C#6R', 'RESTQ', 'B#6R', '|', 'C#6R', 'B#6R', 'F#5Q', 'F#5W', ';', 'G#5Q', '(', '|', 'G#5Q', 'A#5Q', 'B#6W', 'C#6Q', '(', '|', 'C#6Q', '(', '|', 'C#6Q', '(']",C#,C#
33,G#major,1,Experimental,4,,16,"['G#', 'D#', '|', 'D#', '|', 'E#-', 'B#-', '|', 'B#-', '|', 'C#', 'G#', '|', 'G#', '|', 'D#', '|', 'D#', '|', 'G#', '|', 'C#', 'D#', '|', 'D#', '|', 'G#', 'F#', '|', 'E#-', '|', 'C#', 'D#', '|', 'D#', '|', 'G#', '|', 'G#']","['D#6Q', 'RESTQ', 'B#6Q', 'C#6W', '(', ';', 'C#6Q', 'D#6Q', '(', '|', 'D#6T', 'F*6R', '(', '|', 'F*6Q', 'G#6W', 'F*6W', 'E#6Q', 'D#6W', '(', ';', 'D#6Q', 'D#6Q', '(', '|', 'D#6T', 'F*6R', '(', '|', 'F*6Q', 'G#6W', 'F*6W', 'E#6Q', 'D#6Q', '(', ';', 'D#6Q', 'D#6Q', '(', '|', 'D#6W', 'D#6W', 'D#6W', 'F*6Q', 'G#6Q', 'F*6Q', '(', '|', 'F*6R', 'F*6R', 'RESTW', '|', 'RESTT', 'E#6R', '|', 'RESTT', 'D#6Q', '|', 'C#6Q', 'C#6Q', 'E#6Q', 'G#6W', ';', 'F*6Q', '(', '|', 'F*6T', 'E#6R', '|', 'D#6R', 'D#6R', ';', 'G#6Q', 'A#6W', 'A#6Q', '(', '|', 'A#6Q', 'G#6R', 'RESTQ', 'F*6R', '|', 'G#6R', 'F*6R', 'C#6Q', 'C#6W', ';', 'D#6Q', '(', '|', 'D#6Q', 'E#6Q', 'F*6W', 'G#6Q', '(', '|', 'G#6Q', '(', '|', 'G#6Q', '(']",G#,G#
34,Fbmajor,1,,4,,16,"['REST', '|', 'REST', '|', 'REST', '|', 'REST', '|', 'REST', '|', 'REST', '|', 'REST', '|', 'REST', '|', 'REST', '|', 'REST', '|', 'REST', '|', 'REST', '|', 'REST', '|', 'REST', '|', 'REST', '|', 'REST', '|', 'REST']","['RESTQ', '|', 'RESTQ', '|', 'RESTQ', '|', 'RESTQ', '|', 'RESTQ', '|', 'RESTQ', '|', 'RESTQ', '|', 'RESTQ', '|', 'RESTQ', '|', 'RESTQ', '|', 'RESTQ', '|', 'RESTQ', '|', 'RESTQ', '|', 'RESTQ', '|', 'RESTQ', '|', 'RESTQ', '|', 'RESTQ']",REST,REST
35,Cbmajor,1,,4,,16,"['REST', '|', 'REST', '|', 'REST', '|', 'REST', '|', 'REST', '|', 'REST', '|', 'REST', '|', 'REST', '|', 'REST', '|', 'REST', '|', 'REST', '|', 'REST', '|', 'REST', '|', 'REST', '|', 'REST', '|', 'REST', '|', 'REST']","['RESTQ', '|', 'RESTQ', '|', 'RESTQ', '|', 'RESTQ', '|', 'RESTQ', '|', 'RESTQ', '|', 'RESTQ', '|', 'RESTQ', '|', 'RESTQ', '|', 'RESTQ', '|', 'RESTQ', '|', 'RESTQ', '|', 'RESTQ', '|', 'RESTQ', '|', 'RESTQ', '|', 'RESTQ', '|', 'RESTQ']",REST,REST
36,Gbmajor,1,,4,,16,"['REST', '|', 'REST', '|', 'REST', '|', 'REST', '|', 'REST', '|', 'REST', '|', 'REST', '|', 'REST', '|', 'REST', '|', 'REST', '|', 'REST', '|', 'REST', '|', 'REST', '|', 'REST', '|', 'REST', '|', 'REST', '|', 'REST']","['RESTQ', '|', 'RESTQ', '|', 'RESTQ', '|', 'RESTQ', '|', 'RESTQ', '|', 'RESTQ', '|', 'RESTQ', '|', 'RESTQ', '|', 'RESTQ', '|', 'RESTQ', '|', 'RESTQ', '|', 'RESTQ', '|', 'RESTQ', '|', 'RESTQ', '|', 'RESTQ', '|', 'RESTQ', '|', 'RESTQ']",REST,REST
37,Dbmajor,1,,4,,16,"['REST', '|', 'REST', '|', 'REST', '|', 'REST', '|', 'REST', '|', 'REST', '|', 'REST', '|', 'REST', '|', 'REST', '|', 'REST', '|', 'REST', '|', 'REST', '|', 'REST', '|', 'REST', '|', 'REST', '|', 'REST', '|', 'REST']","['RESTQ', '|', 'RESTQ', '|', 'RESTQ', '|', 'RESTQ', '|', 'RESTQ', '|', 'RESTQ', '|', 'RESTQ', '|', 'RESTQ', '|', 'RESTQ', '|', 'RESTQ', '|', 'RESTQ', '|', 'RESTQ', '|', 'RESTQ', '|', 'RESTQ', '|', 'RESTQ', '|', 'RESTQ', '|', 'RESTQ']",REST,REST
38,Abmajor,1,,4,,16,"['REST', '|', 'REST', '|', 'REST', '|', 'REST', '|', 'REST', '|', 'REST', '|', 'REST', '|', 'REST', '|', 'REST', '|', 'REST', '|', 'REST', '|', 'REST', '|', 'REST', '|', 'REST', '|', 'REST', '|', 'REST', '|', 'REST']","['RESTQ', '|', 'RESTQ', '|', 'RESTQ', '|', 'RESTQ', '|', 'RESTQ', '|', 'RESTQ', '|', 'RESTQ', '|', 'RESTQ', '|', 'RESTQ', '|', 'RESTQ', '|', 'RESTQ', '|', 'RESTQ', '|', 'RESTQ', '|', 'RESTQ', '|', 'RESTQ', '|', 'RESTQ', '|', 'RESTQ']",REST,REST
39,Ebmajor,1,,4,,16,"['REST', '|', 'REST', '|', 'REST', '|', 'REST', '|', 'REST', '|', 'REST', '|', 'REST', '|', 'REST', '|', 'REST', '|', 'REST', '|', 'REST', '|', 'REST', '|', 'REST', '|', 'REST', '|', 'REST', '|', 'REST', '|', 'REST']","['RESTQ', '|', 'RESTQ', '|', 'RESTQ', '|', 'RESTQ', '|', 'RESTQ', '|', 'RESTQ', '|', 'RESTQ', '|', 'RESTQ', '|', 'RESTQ', '|', 'RESTQ', '|', 'RESTQ', '|', 'RESTQ', '|', 'RESTQ', '|', 'RESTQ', '|', 'RESTQ', '|', 'RESTQ', '|', 'RESTQ']",REST,REST
40,Bbmajor,1,,4,,16,"['REST', '|', 'REST', '|', 'REST', '|', 'REST', '|', 'REST', '|', 'REST', '|', 'REST', '|', 'REST', '|', 'REST', '|', 'REST', '|', 'REST', '|', 'REST', '|', 'REST', '|', 'REST', '|', 'REST', '|', 'REST', '|', 'REST']","['RESTQ', '|', 'RESTQ', '|', 'RESTQ', '|', 'RESTQ', '|', 'RESTQ', '|', 'RESTQ', '|', 'RESTQ', '|', 'RESTQ', '|', 'RESTQ', '|', 'RESTQ', '|', 'RESTQ', '|', 'RESTQ', '|', 'RESTQ', '|', 'RESTQ', '|', 'RESTQ', '|', 'RESTQ', '|', 'RESTQ']",REST,REST
41,Fmajor,1,,4,,16,"['REST', '|', 'REST', '|', 'REST', '|', 'REST', '|', 'REST', '|', 'REST', '|', 'REST', '|', 'REST', '|', 'REST', '|', 'REST', '|', 'REST', '|', 'REST', '|', 'REST', '|', 'REST', '|', 'REST', '|', 'REST', '|', 'REST']","['RESTQ', '|', 'RESTQ', '|', 'RESTQ', '|', 'RESTQ', '|', 'RESTQ', '|', 'RESTQ', '|', 'RESTQ', '|', 'RESTQ', '|', 'RESTQ', '|', 'RESTQ', '|', 'RESTQ', '|', 'RESTQ', '|', 'RESTQ', '|', 'RESTQ', '|', 'RESTQ', '|', 'RESTQ', '|', 'RESTQ']",REST,REST
42,Cmajor,1,,4,,16,"['REST', '|', 'REST', '|', 'REST', '|', 'REST', '|', 'REST', '|', 'REST', '|', 'REST', '|', 'REST', '|', 'REST', '|', 'REST', '|', 'REST', '|', 'REST', '|', 'REST', '|', 'REST', '|', 'REST', '|', 'REST', '|', 'REST']","['RESTQ', '|', 'RESTQ', '|', 'RESTQ', '|', 'RESTQ', '|', 'RESTQ', '|', 'RESTQ', '|', 'RESTQ', '|', 'RESTQ', '|', 'RESTQ', '|', 'RESTQ', '|', 'RESTQ', '|', 'RESTQ', '|', 'RESTQ', '|', 'RESTQ', '|', 'RESTQ', '|', 'RESTQ', '|', 'RESTQ']",REST,REST
43,Gmajor,1,,4,,16,"['REST', '|', 'REST', '|', 'REST', '|', 'REST', '|', 'REST', '|', 'REST', '|', 'REST', '|', 'REST', '|', 'REST', '|', 'REST', '|', 'REST', '|', 'REST', '|', 'REST', '|', 'REST', '|', 'REST', '|', 'REST', '|', 'REST']","['RESTQ', '|', 'RESTQ', '|', 'RESTQ', '|', 'RESTQ', '|', 'RESTQ', '|', 'RESTQ', '|', 'RESTQ', '|', 'RESTQ', '|', 'RESTQ', '|', 'RESTQ', '|', 'RESTQ', '|', 'RESTQ', '|', 'RESTQ', '|', 'RESTQ', '|', 'RESTQ', '|', 'RESTQ', '|', 'RESTQ']",REST,REST
44,Dmajor,1,,4,,16,"['REST', '|', 'REST', '|', 'REST', '|', 'REST', '|', 'REST', '|', 'REST', '|', 'REST', '|', 'REST', '|', 'REST', '|', 'REST', '|', 'REST', '|', 'REST', '|', 'REST', '|', 'REST', '|', 'REST', '|', 'REST', '|', 'REST']","['RESTQ', '|', 'RESTQ', '|', 'RESTQ', '|', 'RESTQ', '|', 'RESTQ', '|', 'RESTQ', '|', 'RESTQ', '|', 'RESTQ', '|', 'RESTQ', '|', 'RESTQ', '|', 'RESTQ', '|', 'RESTQ', '|', 'RESTQ', '|', 'RESTQ', '|', 'RESTQ', '|', 'RESTQ', '|', 'RESTQ']",REST,REST
45,Amajor,1,,4,,16,"['REST', '|', 'REST', '|', 'REST', '|', 'REST', '|', 'REST', '|', 'REST', '|', 'REST', '|', 'REST', '|', 'REST', '|', 'REST', '|', 'REST', '|', 'REST', '|', 'REST', '|', 'REST', '|', 'REST', '|', 'REST', '|', 'REST']","['RESTQ', '|', 'RESTQ', '|', 'RESTQ', '|', 'RESTQ', '|', 'RESTQ', '|', 'RESTQ', '|', 'RESTQ', '|', 'RESTQ', '|', 'RESTQ', '|', 'RESTQ', '|', 'RESTQ', '|', 'RESTQ', '|', 'RESTQ', '|', 'RESTQ', '|', 'RESTQ', '|', 'RESTQ', '|', 'RESTQ']",REST,REST
46,Emajor,1,,4,,16,"['REST', '|', 'REST', '|', 'REST', '|', 'REST', '|', 'REST', '|', 'REST', '|', 'REST', '|', 'REST', '|', 'REST', '|', 'REST', '|', 'REST', '|', 'REST', '|', 'REST', '|', 'REST', '|', 'REST', '|', 'REST', '|', 'REST']","['RESTQ', '|', 'RESTQ', '|', 'RESTQ', '|', 'RESTQ', '|', 'RESTQ', '|', 'RESTQ', '|', 'RESTQ', '|', 'RESTQ', '|', 'RESTQ', '|', 'RESTQ', '|', 'RESTQ', '|', 'RESTQ', '|', 'RESTQ', '|', 'RESTQ', '|', 'RESTQ', '|', 'RESTQ', '|', 'RESTQ']",REST,REST
47,Bmajor,1,,4,,16,"['REST', '|', 'REST', '|', 'REST', '|', 'REST', '|', 'REST', '|', 'REST', '|', 'REST', '|', 'REST', '|', 'REST', '|', 'REST', '|', 'REST', '|', 'REST', '|', 'REST', '|', 'REST', '|', 'REST', '|', 'REST', '|', 'REST']","['RESTQ', '|', 'RESTQ', '|', 'RESTQ', '|', 'RESTQ', '|', 'RESTQ', '|', 'RESTQ', '|', 'RESTQ', '|', 'RESTQ', '|', 'RESTQ', '|', 'RESTQ', '|', 'RESTQ', '|', 'RESTQ', '|', 'RESTQ', '|', 'RESTQ', '|', 'RESTQ', '|', 'RESTQ', '|', 'RESTQ']",REST,REST
48,F#major,1,,4,,16,"['REST', '|', 'REST', '|', 'REST', '|', 'REST', '|', 'REST', '|', 'REST', '|', 'REST', '|', 'REST', '|', 'REST', '|', 'REST', '|', 'REST', '|', 'REST', '|', 'REST', '|', 'REST', '|', 'REST', '|', 'REST', '|', 'REST']","['RESTQ', '|', 'RESTQ', '|', 'RESTQ', '|', 'RESTQ', '|', 'RESTQ', '|', 'RESTQ', '|', 'RESTQ', '|', 'RESTQ', '|', 'RESTQ', '|', 'RESTQ', '|', 'RESTQ', '|', 'RESTQ', '|', 'RESTQ', '|', 'RESTQ', '|', 'RESTQ', '|', 'RESTQ', '|', 'RESTQ']",REST,REST
49,C#major,1,,4,,16,"['REST', '|', 'REST', '|', 'REST', '|', 'REST', '|', 'REST', '|', 'REST', '|', 'REST', '|', 'REST', '|', 'REST', '|', 'REST', '|', 'REST', '|', 'REST', '|', 'REST', '|', 'REST', '|', 'REST', '|', 'REST', '|', 'REST']","['RESTQ', '|', 'RESTQ', '|', 'RESTQ', '|', 'RESTQ', '|', 'RESTQ', '|', 'RESTQ', '|', 'RESTQ', '|', 'RESTQ', '|', 'RESTQ', '|', 'RESTQ', '|', 'RESTQ', '|', 'RESTQ', '|', 'RESTQ', '|', 'RESTQ', '|', 'RESTQ', '|', 'RESTQ', '|', 'RESTQ']",REST,REST
50,G#major,1,,4,,16,"['REST', '|', 'REST', '|', 'REST', '|', 'REST', '|', 'REST', '|', 'REST', '|', 'REST', '|', 'REST', '|', 'REST', '|', 'REST', '|', 'REST', '|', 'REST', '|', 'REST', '|', 'REST', '|', 'REST', '|', 'REST', '|', 'REST']","['RESTQ', '|', 'RESTQ', '|', 'RESTQ', '|', 'RESTQ', '|', 'RESTQ', '|', 'RESTQ', '|', 'RESTQ', '|', 'RESTQ', '|', 'RESTQ', '|', 'RESTQ', '|', 'RESTQ', '|', 'RESTQ', '|', 'RESTQ', '|', 'RESTQ', '|', 'RESTQ', '|', 'RESTQ', '|', 'RESTQ']",REST,REST
51,Fbmajor,1,,4,,15,"['Fb', '|', 'Cb', '|', 'Gb-', '|', 'Bbb', '|', 'Fb', '|', 'Cb', '|', 'Gb-', '|', 'Bbb', '|', 'Fb', '|', 'Cb', '|', 'Gb-', '|', 'Bbb', '|', 'Fb', '|', 'Cb', '|', 'Gb-', '|', 'Bbb']","['Ab4Q', 'Gb4Q', 'Fb4Q', 'Fb4W', 'Fb4Q', 'Cb3Q', 'Fb4Q', '(', '|', 'Fb4Q', 'Gb4Q', 'Gb4Q', 'Gb4W', 'Bbb4Q', 'Bbb4Q', 'Bbb4Q', '|', 'Bbb4Q', 'Ab4Q', 'Ab4Q', 'Gb4Q', 'Gb4Q', 'Db4Q', 'Db4Q', 'Bbb4Q', '(', '|', 'Bbb4Q', 'Ab4Q', 'Ab4Q', 'Gb4Q', 'Gb4Q', 'Bbb4Q', 'Bbb4Q', 'Ab4Q', '|', 'Ab4Q', 'Gb4Q', 'Gb4Q', 'Fb4Q', 'Fb4Q', 'Db4Q', 'Cb3Q', 'Fb4Q', '(', '|', 'Fb4Q', 'Gb4Q', 'Gb4Q', 'Gb4W', 'Fb5Q', 'Fb5Q', 'Db5Q', '|', 'Fb5Q', 'Db5Q', 'Cb4Q', 'Cb4W', 'Db5W', 'Gb4Q', '(', '|', 'Gb4Q', 'Fb4R', 'RESTQ', 'Bbb4Q', 'Bbb4Q', 'Bbb4Q', '|', 'Bbb4Q', 'Ab4Q', 'Gb4Q', 'Gb4Q', 'Fb4Q', 'Fb4Q', 'Fb4Q', 'Cb3Q', '|', 'Fb4Q', 'Gb4W', 'Gb4W', 'Bbb4Q', 'Bbb4Q', 'Bbb4Q', '|', 'Bbb4Q', 'Ab4Q', 'Ab4Q', 'Ab4Q', 'Ab4Q', 'Bbb4Q', 'Bbb4Q', 'Bbb4Q', '|', 'Bbb4Q', 'Ab4Q', 'Fb4Q', 'Gb4W', 'Bbb4Q', 'Bbb4Q', 'Bbb4Q', '|', 'Bbb4Q', 'Ab4Q', 'Gb4Q', 'Fb4Q', 'Fb4Q', 'Fb4Q', 'Fb4Q', 'Cb3Q', '|', 'Fb4Q', 'Gb4Q', 'Gb4Q', 'Gb4W', 'Fb5Q', 'Fb5Q', 'Db5Q', '|', 'Fb5Q', 'Db5Q', 'Cb4Q', 'Cb4W', 'Db5W', 'Gb4Q', '(', '|', 'Gb4Q', 'Fb4R', 'RESTR']",Fb,Bbb
52,Cbmajor,1,,4,,15,"['Cb', '|', 'Gb', '|', 'Db-', '|', 'Fb', '|', 'Cb', '|', 'Gb', '|', 'Db-', '|', 'Fb', '|', 'Cb', '|', 'Gb', '|', 'Db-', '|', 'Fb', '|', 'Cb', '|', 'Gb', '|', 'Db-', '|', 'Fb']","['Eb5Q', 'Db5Q', 'Cb4Q', 'Cb4W', 'Cb4Q', 'Gb4Q', 'Cb4Q', '(', '|', 'Cb4Q', 'Db5Q', 'Db5Q', 'Db5W', 'Fb5Q', 'Fb5Q', 'Fb5Q', '|', 'Fb5Q', 'Eb5Q', 'Eb5Q', 'Db5Q', 'Db5Q', 'Ab4Q', 'Ab4Q', 'Fb5Q', '(', '|', 'Fb5Q', 'Eb5Q', 'Eb5Q', 'Db5Q', 'Db5Q', 'Fb5Q', 'Fb5Q', 'Eb5Q', '|', 'Eb5Q', 'Db5Q', 'Db5Q', 'Cb4Q', 'Cb4Q', 'Ab4Q', 'Gb4Q', 'Cb4Q', '(', '|', 'Cb4Q', 'Db5Q', 'Db5Q', 'Db5W', 'Cb5Q', 'Cb5Q', 'Ab5Q', '|', 'Cb5Q', 'Ab5Q', 'Gb5Q', 'Gb5W', 'Ab5W', 'Db5Q', '(', '|', 'Db5Q', 'Cb4R', 'RESTQ', 'Fb5Q', 'Fb5Q', 'Fb5Q', '|', 'Fb5Q', 'Eb5Q', 'Db5Q', 'Db5Q', 'Cb4Q', 'Cb4Q', 'Cb4Q', 'Gb4Q', '|', 'Cb4Q', 'Db5W', 'Db5W', 'Fb5Q', 'Fb5Q', 'Fb5Q', '|', 'Fb5Q', 'Eb5Q', 'Eb5Q', 'Eb5Q', 'Eb5Q', 'Fb5Q', 'Fb5Q', 'Fb5Q', '|', 'Fb5Q', 'Eb5Q', 'Cb4Q', 'Db5W', 'Fb5Q', 'Fb5Q', 'Fb5Q', '|', 'Fb5Q', 'Eb5Q', 'Db5Q', 'Cb4Q', 'Cb4Q', 'Cb4Q', 'Cb4Q', 'Gb4Q', '|', 'Cb4Q', 'Db5Q', 'Db5Q', 'Db5W', 'Cb5Q', 'Cb5Q', 'Ab5Q', '|', 'Cb5Q', 'Ab5Q', 'Gb5Q', 'Gb5W', 'Ab5W', 'Db5Q', '(', '|', 'Db5Q', 'Cb4R', 'RESTR']",Cb,Fb
53,Gbmajor,1,,4,,15,"['Gb', '|', 'Db', '|', 'Ab-', '|', 'Cb', '|', 'Gb', '|', 'Db', '|', 'Ab-', '|', 'Cb', '|', 'Gb', '|', 'Db', '|', 'Ab-', '|', 'Cb', '|', 'Gb', '|', 'Db', '|', 'Ab-', '|', 'Cb']","['Bb4Q', 'Ab4Q', 'Gb4Q', 'Gb4W', 'Gb4Q', 'Db4Q', 'Gb4Q', '(', '|', 'Gb4Q', 'Ab4Q', 'Ab4Q', 'Ab4W', 'Cb4Q', 'Cb4Q', 'Cb4Q', '|', 'Cb4Q', 'Bb4Q', 'Bb4Q', 'Ab4Q', 'Ab4Q', 'Eb4Q', 'Eb4Q', 'Cb4Q', '(', '|', 'Cb4Q', 'Bb4Q', 'Bb4Q', 'Ab4Q', 'Ab4Q', 'Cb4Q', 'Cb4Q', 'Bb4Q', '|', 'Bb4Q', 'Ab4Q', 'Ab4Q', 'Gb4Q', 'Gb4Q', 'Eb4Q', 'Db4Q', 'Gb4Q', '(', '|', 'Gb4Q', 'Ab4Q', 'Ab4Q', 'Ab4W', 'Gb5Q', 'Gb5Q', 'Eb5Q', '|', 'Gb5Q', 'Eb5Q', 'Db5Q', 'Db5W', 'Eb5W', 'Ab4Q', '(', '|', 'Ab4Q', 'Gb4R', 'RESTQ', 'Cb4Q', 'Cb4Q', 'Cb4Q', '|', 'Cb4Q', 'Bb4Q', 'Ab4Q', 'Ab4Q', 'Gb4Q', 'Gb4Q', 'Gb4Q', 'Db4Q', '|', 'Gb4Q', 'Ab4W', 'Ab4W', 'Cb4Q', 'Cb4Q', 'Cb4Q', '|', 'Cb4Q', 'Bb4Q', 'Bb4Q', 'Bb4Q', 'Bb4Q', 'Cb4Q', 'Cb4Q', 'Cb4Q', '|', 'Cb4Q', 'Bb4Q', 'Gb4Q', 'Ab4W', 'Cb4Q', 'Cb4Q', 'Cb4Q', '|', 'Cb4Q', 'Bb4Q', 'Ab4Q', 'Gb4Q', 'Gb4Q', 'Gb4Q', 'Gb4Q', 'Db4Q', '|', 'Gb4Q', 'Ab4Q', 'Ab4Q', 'Ab4W', 'Gb5Q', 'Gb5Q', 'Eb5Q', '|', 'Gb5Q', 'Eb5Q', 'Db5Q', 'Db5W', 'Eb5W', 'Ab4Q', '(', '|', 'Ab4Q', 'Gb4R', 'RESTR']",Gb,Cb
54,Dbmajor,1,,4,,15,"['Db', '|', 'Ab', '|', 'Eb-', '|', 'Gb', '|', 'Db', '|', 'Ab', '|', 'Eb-', '|', 'Gb', '|', 'Db', '|', 'Ab', '|', 'Eb-', '|', 'Gb', '|', 'Db', '|', 'Ab', '|', 'Eb-', '|', 'Gb']","['F4Q', 'Eb4Q', 'Db4Q', 'Db4W', 'Db4Q', 'Ab3Q', 'Db4Q', '(', '|', 'Db4Q', 'Eb4Q', 'Eb4Q', 'Eb4W', 'Gb4Q', 'Gb4Q', 'Gb4Q', '|', 'Gb4Q', 'F4Q', 'F4Q', 'Eb4Q', 'Eb4Q', 'Bb3Q', 'Bb3Q', 'Gb4Q', '(', '|', 'Gb4Q', 'F4Q', 'F4Q', 'Eb4Q', 'Eb4Q', 'Gb4Q', 'Gb4Q', 'F4Q', '|', 'F4Q', 'Eb4Q', 'Eb4Q', 'Db4Q', 'Db4Q', 'Bb3Q', 'Ab3Q', 'Db4Q', '(', '|', 'Db4Q', 'Eb4Q', 'Eb4Q', 'Eb4W', 'Db5Q', 'Db5Q', 'Bb4Q', '|', 'Db5Q', 'Bb4Q', 'Ab4Q', 'Ab4W', 'Bb4W', 'Eb4Q', '(', '|', 'Eb4Q', 'Db4R', 'RESTQ', 'Gb4Q', 'Gb4Q', 'Gb4Q', '|', 'Gb4Q', 'F4Q', 'Eb4Q', 'Eb4Q', 'Db4Q', 'Db4Q', 'Db4Q', 'Ab3Q', '|', 'Db4Q', 'Eb4W', 'Eb4W', 'Gb4Q', 'Gb4Q', 'Gb4Q', '|', 'Gb4Q', 'F4Q', 'F4Q', 'F4Q', 'F4Q', 'Gb4Q', 'Gb4Q', 'Gb4Q', '|', 'Gb4Q', 'F4Q', 'Db4Q', 'Eb4W', 'Gb4Q', 'Gb4Q', 'Gb4Q', '|', 'Gb4Q', 'F4Q', 'Eb4Q', 'Db4Q', 'Db4Q', 'Db4Q', 'Db4Q', 'Ab3Q', '|', 'Db4Q', 'Eb4Q', 'Eb4Q', 'Eb4W', 'Db5Q', 'Db5Q', 'Bb4Q', '|', 'Db5Q', 'Bb4Q', 'Ab4Q', 'Ab4W', 'Bb4W', 'Eb4Q', '(', '|', 'Eb4Q', 'Db4R', 'RESTR']",Db,Gb
55,Abmajor,1,,4,,15,"['Ab', '|', 'Eb', '|', 'Bb-', '|', 'Db', '|', 'Ab', '|', 'Eb', '|', 'Bb-', '|', 'Db', '|', 'Ab', '|', 'Eb', '|', 'Bb-', '|', 'Db', '|', 'Ab', '|', 'Eb', '|', 'Bb-', '|', 'Db']","['C5Q', 'Bb4Q', 'Ab4Q', 'Ab4W', 'Ab4Q', 'Eb4Q', 'Ab4Q', '(', '|', 'Ab4Q', 'Bb4Q', 'Bb4Q', 'Bb4W', 'Db5Q', 'Db5Q', 'Db5Q', '|', 'Db5Q', 'C5Q', 'C5Q', 'Bb4Q', 'Bb4Q', 'F4Q', 'F4Q', 'Db5Q', '(', '|', 'Db5Q', 'C5Q', 'C5Q', 'Bb4Q', 'Bb4Q', 'Db5Q', 'Db5Q', 'C5Q', '|', 'C5Q', 'Bb4Q', 'Bb4Q', 'Ab4Q', 'Ab4Q', 'F4Q', 'Eb4Q', 'Ab4Q', '(', '|', 'Ab4Q', 'Bb4Q', 'Bb4Q', 'Bb4W', 'Ab5Q', 'Ab5Q', 'F5Q', '|', 'Ab5Q', 'F5Q', 'Eb5Q', 'Eb5W', 'F5W', 'Bb4Q', '(', '|', 'Bb4Q', 'Ab4R', 'RESTQ', 'Db5Q', 'Db5Q', 'Db5Q', '|', 'Db5Q', 'C5Q', 'Bb4Q', 'Bb4Q', 'Ab4Q', 'Ab4Q', 'Ab4Q', 'Eb4Q', '|', 'Ab4Q', 'Bb4W', 'Bb4W', 'Db5Q', 'Db5Q', 'Db5Q', '|', 'Db5Q', 'C5Q', 'C5Q', 'C5Q', 'C5Q', 'Db5Q', 'Db5Q', 'Db5Q', '|', 'Db5Q', 'C5Q', 'Ab4Q', 'Bb4W', 'Db5Q', 'Db5Q', 'Db5Q', '|', 'Db5Q', 'C5Q', 'Bb4Q', 'Ab4Q', 'Ab4Q', 'Ab4Q', 'Ab4Q', 'Eb4Q', '|', 'Ab4Q', 'Bb4Q', 'Bb4Q', 'Bb4W', 'Ab5Q', 'Ab5Q', 'F5Q', '|', 'Ab5Q', 'F5Q', 'Eb5Q', 'Eb5W', 'F5W', 'Bb4Q', '(', '|', 'Bb4Q', 'Ab4R', 'RESTR']",Ab,Db
56,Ebmajor,1,,4,,15,"['Eb', '|', 'Bb', '|', 'F-', '|', 'Ab', '|', 'Eb', '|', 'Bb', '|', 'F-', '|', 'Ab', '|', 'Eb', '|', 'Bb', '|', 'F-', '|', 'Ab', '|', 'Eb', '|', 'Bb', '|', 'F-', '|', 'Ab']","['G4Q', 'F4Q', 'Eb4Q', 'Eb4W', 'Eb4Q', 'Bb3Q', 'Eb4Q', '(', '|', 'Eb4Q', 'F4Q', 'F4Q', 'F4W', 'Ab4Q', 'Ab4Q', 'Ab4Q', '|', 'Ab4Q', 'G4Q', 'G4Q', 'F4Q', 'F4Q', 'C4Q', 'C4Q', 'Ab4Q', '(', '|', 'Ab4Q', 'G4Q', 'G4Q', 'F4Q', 'F4Q', 'Ab4Q', 'Ab4Q', 'G4Q', '|', 'G4Q', 'F4Q', 'F4Q', 'Eb4Q', 'Eb4Q', 'C4Q', 'Bb3Q', 'Eb4Q', '(', '|', 'Eb4Q', 'F4Q', 'F4Q', 'F4W', 'Eb5Q', 'Eb5Q', 'C5Q', '|', 'Eb5Q', 'C5Q', 'Bb4Q', 'Bb4W', 'C5W', 'F4Q', '(', '|', 'F4Q', 'Eb4R', 'RESTQ', 'Ab4Q', 'Ab4Q', 'Ab4Q', '|', 'Ab4Q', 'G4Q', 'F4Q', 'F4Q', 'Eb4Q', 'Eb4Q', 'Eb4Q', 'Bb3Q', '|', 'Eb4Q', 'F4W', 'F4W', 'Ab4Q', 'Ab4Q', 'Ab4Q', '|', 'Ab4Q', 'G4Q', 'G4Q', 'G4Q', 'G4Q', 'Ab4Q', 'Ab4Q', 'Ab4Q', '|', 'Ab4Q', 'G4Q', 'Eb4Q', 'F4W', 'Ab4Q', 'Ab4Q', 'Ab4Q', '|', 'Ab4Q', 'G4Q', 'F4Q', 'Eb4Q', 'Eb4Q', 'Eb4Q', 'Eb4Q', 'Bb3Q', '|', 'Eb4Q', 'F4Q', 'F4Q', 'F4W', 'Eb5Q', 'Eb5Q', 'C5Q', '|', 'Eb5Q', 'C5Q', 'Bb4Q', 'Bb4W', 'C5W', 'F4Q', '(', '|', 'F4Q', 'Eb4R', 'RESTR']",Eb,Ab
57,Bbmajor,1,,4,,15,"['Bb', '|', 'F', '|', 'C-', '|', 'Eb', '|', 'Bb', '|', 'F', '|', 'C-', '|', 'Eb', '|', 'Bb', '|', 'F', '|', 'C-', '|', 'Eb', '|', 'Bb', '|', 'F', '|', 'C-', '|', 'Eb']","['D5Q', 'C5Q', 'Bb4Q', 'Bb4W', 'Bb4Q', 'F4Q', 'Bb4Q', '(', '|', 'Bb4Q', 'C5Q', 'C5Q', 'C5W', 'Eb5Q', 'Eb5Q', 'Eb5Q', '|', 'Eb5Q', 'D5Q', 'D5Q', 'C5Q', 'C5Q', 'G4Q', 'G4Q', 'Eb5Q', '(', '|', 'Eb5Q', 'D5Q', 'D5Q', 'C5Q', 'C5Q', 'Eb5Q', 'Eb5Q', 'D5Q', '|', 'D5Q', 'C5Q', 'C5Q', 'Bb4Q', 'Bb4Q', 'G4Q', 'F4Q', 'Bb4Q', '(', '|', 'Bb4Q', 'C5Q', 'C5Q', 'C5W', 'Bb5Q', 'Bb5Q', 'G5Q', '|', 'Bb5Q', 'G5Q', 'F5Q', 'F5W', 'G5W', 'C5Q', '(', '|', 'C5Q', 'Bb4R', 'RESTQ', 'Eb5Q', 'Eb5Q', 'Eb5Q', '|', 'Eb5Q', 'D5Q', 'C5Q', 'C5Q', 'Bb4Q', 'Bb4Q', 'Bb4Q', 'F4Q', '|', 'Bb4Q', 'C5W', 'C5W', 'Eb5Q', 'Eb5Q', 'Eb5Q', '|', 'Eb5Q', 'D5Q', 'D5Q', 'D5Q', 'D5Q', 'Eb5Q', 'Eb5Q', 'Eb5Q', '|', 'Eb5Q', 'D5Q', 'Bb4Q', 'C5W', 'Eb5Q', 'Eb5Q', 'Eb5Q', '|', 'Eb5Q', 'D5Q', 'C5Q', 'Bb4Q', 'Bb4Q', 'Bb4Q', 'Bb4Q', 'F4Q', '|', 'Bb4Q', 'C5Q', 'C5Q', 'C5W', 'Bb5Q', 'Bb5Q', 'G5Q', '|', 'Bb5Q', 'G5Q', 'F5Q', 'F5W', 'G5W', 'C5Q', '(', '|', 'C5Q', 'Bb4R', 'RESTR']",Bb,Eb
58,Fmajor,1,,4,,15,"['F', '|', 'C', '|', 'G-', '|', 'Bb', '|', 'F', '|', 'C', '|', 'G-', '|', 'Bb', '|', 'F', '|', 'C', '|', 'G-', '|', 'Bb', '|', 'F', '|', 'C', '|', 'G-', '|', 'Bb']","['A4Q', 'G4Q', 'F4Q', 'F4W', 'F4Q', 'C4Q', 'F4Q', '(', '|', 'F4Q', 'G4Q', 'G4Q', 'G4W', 'Bb4Q', 'Bb4Q', 'Bb4Q', '|', 'Bb4Q', 'A4Q', 'A4Q', 'G4Q', 'G4Q', 'D4Q', 'D4Q', 'Bb4Q', '(', '|', 'Bb4Q', 'A4Q', 'A4Q', 'G4Q', 'G4Q', 'Bb4Q', 'Bb4Q', 'A4Q', '|', 'A4Q', 'G4Q', 'G4Q', 'F4Q', 'F4Q', 'D4Q', 'C4Q', 'F4Q', '(', '|', 'F4Q', 'G4Q', 'G4Q', 'G4W', 'F5Q', 'F5Q', 'D5Q', '|', 'F5Q', 'D5Q', 'C5Q', 'C5W', 'D5W', 'G4Q', '(', '|', 'G4Q', 'F4R', 'RESTQ', 'Bb4Q', 'Bb4Q', 'Bb4Q', '|', 'Bb4Q', 'A4Q', 'G4Q', 'G4Q', 'F4Q', 'F4Q', 'F4Q', 'C4Q', '|', 'F4Q', 'G4W', 'G4W', 'Bb4Q', 'Bb4Q', 'Bb4Q', '|', 'Bb4Q', 'A4Q', 'A4Q', 'A4Q', 'A4Q', 'Bb4Q', 'Bb4Q', 'Bb4Q', '|', 'Bb4Q', 'A4Q', 'F4Q', 'G4W', 'Bb4Q', 'Bb4Q', 'Bb4Q', '|', 'Bb4Q', 'A4Q', 'G4Q', 'F4Q', 'F4Q', 'F4Q', 'F4Q', 'C4Q', '|', 'F4Q', 'G4Q', 'G4Q', 'G4W', 'F5Q', 'F5Q', 'D5Q', '|', 'F5Q', 'D5Q', 'C5Q', 'C5W', 'D5W', 'G4Q', '(', '|', 'G4Q', 'F4R', 'RESTR']",F,Bb
59,Cmajor,1,,4,,15,"['C', '|', 'G', '|', 'D-', '|', 'F', '|', 'C', '|', 'G', '|', 'D-', '|', 'F', '|', 'C', '|', 'G', '|', 'D-', '|', 'F', '|', 'C', '|', 'G', '|', 'D-', '|', 'F']","['E4Q', 'D4Q', 'C4Q', 'C4W', 'C4Q', 'G3Q', 'C4Q', '(', '|', 'C4Q', 'D4Q', 'D4Q', 'D4W', 'F4Q', 'F4Q', 'F4Q', '|', 'F4Q', 'E4Q', 'E4Q', 'D4Q', 'D4Q', 'A3Q', 'A3Q', 'F4Q', '(', '|', 'F4Q', 'E4Q', 'E4Q', 'D4Q', 'D4Q', 'F4Q', 'F4Q', 'E4Q', '|', 'E4Q', 'D4Q', 'D4Q', 'C4Q', 'C4Q', 'A3Q', 'G3Q', 'C4Q', '(', '|', 'C4Q', 'D4Q', 'D4Q', 'D4W', 'C5Q', 'C5Q', 'A4Q', '|', 'C5Q', 'A4Q', 'G4Q', 'G4W', 'A4W', 'D4Q', '(', '|', 'D4Q', 'C4R', 'RESTQ', 'F4Q', 'F4Q', 'F4Q', '|', 'F4Q', 'E4Q', 'D4Q', 'D4Q', 'C4Q', 'C4Q', 'C4Q', 'G3Q', '|', 'C4Q', 'D4W', 'D4W', 'F4Q', 'F4Q', 'F4Q', '|', 'F4Q', 'E4Q', 'E4Q', 'E4Q', 'E4Q', 'F4Q', 'F4Q', 'F4Q', '|', 'F4Q', 'E4Q', 'C4Q', 'D4W', 'F4Q', 'F4Q', 'F4Q', '|', 'F4Q', 'E4Q', 'D4Q', 'C4Q', 'C4Q', 'C4Q', 'C4Q', 'G3Q', '|', 'C4Q', 'D4Q', 'D4Q', 'D4W', 'C5Q', 'C5Q', 'A4Q', '|', 'C5Q', 'A4Q', 'G4Q', 'G4W', 'A4W', 'D4Q', '(', '|', 'D4Q', 'C4R', 'RESTR']",C,F
60,Gmajor,1,,4,,15,"['G', '|', 'D', '|', 'A-', '|', 'C', '|', 'G', '|', 'D', '|', 'A-', '|', 'C', '|', 'G', '|', 'D', '|', 'A-', '|', 'C', '|', 'G', '|', 'D', '|', 'A-', '|', 'C']","['B4Q', 'A4Q', 'G4Q', 'G4W', 'G4Q', 'D4Q', 'G4Q', '(', '|', 'G4Q', 'A4Q', 'A4Q', 'A4W', 'C5Q', 'C5Q', 'C5Q', '|', 'C5Q', 'B4Q', 'B4Q', 'A4Q', 'A4Q', 'E4Q', 'E4Q', 'C5Q', '(', '|', 'C5Q', 'B4Q', 'B4Q', 'A4Q', 'A4Q', 'C5Q', 'C5Q', 'B4Q', '|', 'B4Q', 'A4Q', 'A4Q', 'G4Q', 'G4Q', 'E4Q', 'D4Q', 'G4Q', '(', '|', 'G4Q', 'A4Q', 'A4Q', 'A4W', 'G5Q', 'G5Q', 'E5Q', '|', 'G5Q', 'E5Q', 'D5Q', 'D5W', 'E5W', 'A4Q', '(', '|', 'A4Q', 'G4R', 'RESTQ', 'C5Q', 'C5Q', 'C5Q', '|', 'C5Q', 'B4Q', 'A4Q', 'A4Q', 'G4Q', 'G4Q', 'G4Q', 'D4Q', '|', 'G4Q', 'A4W', 'A4W', 'C5Q', 'C5Q', 'C5Q', '|', 'C5Q', 'B4Q', 'B4Q', 'B4Q', 'B4Q', 'C5Q', 'C5Q', 'C5Q', '|', 'C5Q', 'B4Q', 'G4Q', 'A4W', 'C5Q', 'C5Q', 'C5Q', '|', 'C5Q', 'B4Q', 'A4Q', 'G4Q', 'G4Q', 'G4Q', 'G4Q', 'D4Q', '|', 'G4Q', 'A4Q', 'A4Q', 'A4W', 'G5Q', 'G5Q', 'E5Q', '|', 'G5Q', 'E5Q', 'D5Q', 'D5W', 'E5W', 'A4Q', '(', '|', 'A4Q', 'G4R', 'RESTR']",G,C
61,Dmajor,1,,4,,15,"['D', '|', 'A', '|', 'E-', '|', 'G', '|', 'D', '|', 'A', '|', 'E-', '|', 'G', '|', 'D', '|', 'A', '|', 'E-', '|', 'G', '|', 'D', '|', 'A', '|', 'E-', '|', 'G']","['F#4Q', 'E4Q', 'D4Q', 'D4W', 'D4Q', 'A3Q', 'D4Q', '(', '|', 'D4Q', 'E4Q', 'E4Q', 'E4W', 'G4Q', 'G4Q', 'G4Q', '|', 'G4Q', 'F#4Q', 'F#4Q', 'E4Q', 'E4Q', 'B3Q', 'B3Q', 'G4Q', '(', '|', 'G4Q', 'F#4Q', 'F#4Q', 'E4Q', 'E4Q', 'G4Q', 'G4Q', 'F#4Q', '|', 'F#4Q', 'E4Q', 'E4Q', 'D4Q', 'D4Q', 'B3Q', 'A3Q', 'D4Q', '(', '|', 'D4Q', 'E4Q', 'E4Q', 'E4W', 'D5Q', 'D5Q', 'B4Q', '|', 'D5Q', 'B4Q', 'A4Q', 'A4W', 'B4W', 'E4Q', '(', '|', 'E4Q', 'D4R', 'RESTQ', 'G4Q', 'G4Q', 'G4Q', '|', 'G4Q', 'F#4Q', 'E4Q', 'E4Q', 'D4Q', 'D4Q', 'D4Q', 'A3Q', '|', 'D4Q', 'E4W', 'E4W', 'G4Q', 'G4Q', 'G4Q', '|', 'G4Q', 'F#4Q', 'F#4Q', 'F#4Q', 'F#4Q', 'G4Q', 'G4Q', 'G4Q', '|', 'G4Q', 'F#4Q', 'D4Q', 'E4W', 'G4Q', 'G4Q', 'G4Q', '|', 'G4Q', 'F#4Q', 'E4Q', 'D4Q', 'D4Q', 'D4Q', 'D4Q', 'A3Q', '|', 'D4Q', 'E4Q', 'E4Q', 'E4W', 'D5Q', 'D5Q', 'B4Q', '|', 'D5Q', 'B4Q', 'A4Q', 'A4W', 'B4W', 'E4Q', '(', '|', 'E4Q', 'D4R', 'RESTR']",D,G
62,Amajor,1,,4,,15,"['A', '|', 'E', '|', 'B-', '|', 'D', '|', 'A', '|', 'E', '|', 'B-', '|', 'D', '|', 'A', '|', 'E', '|', 'B-', '|', 'D', '|', 'A', '|', 'E', '|', 'B-', '|', 'D']","['C#5Q', 'B4Q', 'A4Q', 'A4W', 'A4Q', 'E4Q', 'A4Q', '(', '|', 'A4Q', 'B4Q', 'B4Q', 'B4W', 'D5Q', 'D5Q', 'D5Q', '|', 'D5Q', 'C#5Q', 'C#5Q', 'B4Q', 'B4Q', 'F#4Q', 'F#4Q', 'D5Q', '(', '|', 'D5Q', 'C#5Q', 'C#5Q', 'B4Q', 'B4Q', 'D5Q', 'D5Q', 'C#5Q', '|', 'C#5Q', 'B4Q', 'B4Q', 'A4Q', 'A4Q', 'F#4Q', 'E4Q', 'A4Q', '(', '|', 'A4Q', 'B4Q', 'B4Q', 'B4W', 'A5Q', 'A5Q', 'F#5Q', '|', 'A5Q', 'F#5Q', 'E5Q', 'E5W', 'F#5W', 'B4Q', '(', '|', 'B4Q', 'A4R', 'RESTQ', 'D5Q', 'D5Q', 'D5Q', '|', 'D5Q', 'C#5Q', 'B4Q', 'B4Q', 'A4Q', 'A4Q', 'A4Q', 'E4Q', '|', 'A4Q', 'B4W', 'B4W', 'D5Q', 'D5Q', 'D5Q', '|', 'D5Q', 'C#5Q', 'C#5Q', 'C#5Q', 'C#5Q', 'D5Q', 'D5Q', 'D5Q', '|', 'D5Q', 'C#5Q', 'A4Q', 'B4W', 'D5Q', 'D5Q', 'D5Q', '|', 'D5Q', 'C#5Q', 'B4Q', 'A4Q', 'A4Q', 'A4Q', 'A4Q', 'E4Q', '|', 'A4Q', 'B4Q', 'B4Q', 'B4W', 'A5Q', 'A5Q', 'F#5Q', '|', 'A5Q', 'F#5Q', 'E5Q', 'E5W', 'F#5W', 'B4Q', '(', '|', 'B4Q', 'A4R', 'RESTR']",A,D
63,Emajor,1,,4,,15,"['E', '|', 'B', '|', 'F#-', '|', 'A', '|', 'E', '|', 'B', '|', 'F#-', '|', 'A', '|', 'E', '|', 'B', '|', 'F#-', '|', 'A', '|', 'E', '|', 'B', '|', 'F#-', '|', 'A']","['G#4Q', 'F#4Q', 'E4Q', 'E4W', 'E4Q', 'B3Q', 'E4Q', '(', '|', 'E4Q', 'F#4Q', 'F#4Q', 'F#4W', 'A4Q', 'A4Q', 'A4Q', '|', 'A4Q', 'G#4Q', 'G#4Q', 'F#4Q', 'F#4Q', 'C#4Q', 'C#4Q', 'A4Q', '(', '|', 'A4Q', 'G#4Q', 'G#4Q', 'F#4Q', 'F#4Q', 'A4Q', 'A4Q', 'G#4Q', '|', 'G#4Q', 'F#4Q', 'F#4Q', 'E4Q', 'E4Q', 'C#4Q', 'B3Q', 'E4Q', '(', '|', 'E4Q', 'F#4Q', 'F#4Q', 'F#4W', 'E5Q', 'E5Q', 'C#5Q', '|', 'E5Q', 'C#5Q', 'B4Q', 'B4W', 'C#5W', 'F#4Q', '(', '|', 'F#4Q', 'E4R', 'RESTQ', 'A4Q', 'A4Q', 'A4Q', '|', 'A4Q', 'G#4Q', 'F#4Q', 'F#4Q', 'E4Q', 'E4Q', 'E4Q', 'B3Q', '|', 'E4Q', 'F#4W', 'F#4W', 'A4Q', 'A4Q', 'A4Q', '|', 'A4Q', 'G#4Q', 'G#4Q', 'G#4Q', 'G#4Q', 'A4Q', 'A4Q', 'A4Q', '|', 'A4Q', 'G#4Q', 'E4Q', 'F#4W', 'A4Q', 'A4Q', 'A4Q', '|', 'A4Q', 'G#4Q', 'F#4Q', 'E4Q', 'E4Q', 'E4Q', 'E4Q', 'B3Q', '|', 'E4Q', 'F#4Q', 'F#4Q', 'F#4W', 'E5Q', 'E5Q', 'C#5Q', '|', 'E5Q', 'C#5Q', 'B4Q', 'B4W', 'C#5W', 'F#4Q', '(', '|', 'F#4Q', 'E4R', 'RESTR']",E,A
64,Bmajor,1,,4,,15,"['B', '|', 'F#', '|', 'C#-', '|', 'E', '|', 'B', '|', 'F#', '|', 'C#-', '|', 'E', '|', 'B', '|', 'F#', '|', 'C#-', '|', 'E', '|', 'B', '|', 'F#', '|', 'C#-', '|', 'E']","['D#4Q', 'C#4Q', 'B3Q', 'B3W', 'B3Q', 'F#3Q', 'B3Q', '(', '|', 'B3Q', 'C#4Q', 'C#4Q', 'C#4W', 'E4Q', 'E4Q', 'E4Q', '|', 'E4Q', 'D#4Q', 'D#4Q', 'C#4Q', 'C#4Q', 'G#3Q', 'G#3Q', 'E4Q', '(', '|', 'E4Q', 'D#4Q', 'D#4Q', 'C#4Q', 'C#4Q', 'E4Q', 'E4Q', 'D#4Q', '|', 'D#4Q', 'C#4Q', 'C#4Q', 'B3Q', 'B3Q', 'G#3Q', 'F#3Q', 'B3Q', '(', '|', 'B3Q', 'C#4Q', 'C#4Q', 'C#4W', 'B4Q', 'B4Q', 'G#4Q', '|', 'B4Q', 'G#4Q', 'F#4Q', 'F#4W', 'G#4W', 'C#4Q', '(', '|', 'C#4Q', 'B3R', 'RESTQ', 'E4Q', 'E4Q', 'E4Q', '|', 'E4Q', 'D#4Q', 'C#4Q', 'C#4Q', 'B3Q', 'B3Q', 'B3Q', 'F#3Q', '|', 'B3Q', 'C#4W', 'C#4W', 'E4Q', 'E4Q', 'E4Q', '|', 'E4Q', 'D#4Q', 'D#4Q', 'D#4Q', 'D#4Q', 'E4Q', 'E4Q', 'E4Q', '|', 'E4Q', 'D#4Q', 'B3Q', 'C#4W', 'E4Q', 'E4Q', 'E4Q', '|', 'E4Q', 'D#4Q', 'C#4Q', 'B3Q', 'B3Q', 'B3Q', 'B3Q', 'F#3Q', '|', 'B3Q', 'C#4Q', 'C#4Q', 'C#4W', 'B4Q', 'B4Q', 'G#4Q', '|', 'B4Q', 'G#4Q', 'F#4Q', 'F#4W', 'G#4W', 'C#4Q', '(', '|', 'C#4Q', 'B3R', 'RESTR']",B,E
65,F#major,1,,4,,15,"['F#', '|', 'C#', '|', 'G#-', '|', 'B', '|', 'F#', '|', 'C#', '|', 'G#-', '|', 'B', '|', 'F#', '|', 'C#', '|', 'G#-', '|', 'B', '|', 'F#', '|', 'C#', '|', 'G#-', '|', 'B']","['A#4Q', 'G#4Q', 'F#4Q', 'F#4W', 'F#4Q', 'C#4Q', 'F#4Q', '(', '|', 'F#4Q', 'G#4Q', 'G#4Q', 'G#4W', 'B4Q', 'B4Q', 'B4Q', '|', 'B4Q', 'A#4Q', 'A#4Q', 'G#4Q', 'G#4Q', 'D#4Q', 'D#4Q', 'B4Q', '(', '|', 'B4Q', 'A#4Q', 'A#4Q', 'G#4Q', 'G#4Q', 'B4Q', 'B4Q', 'A#4Q', '|', 'A#4Q', 'G#4Q', 'G#4Q', 'F#4Q', 'F#4Q', 'D#4Q', 'C#4Q', 'F#4Q', '(', '|', 'F#4Q', 'G#4Q', 'G#4Q', 'G#4W', 'F#5Q', 'F#5Q', 'D#5Q', '|', 'F#5Q', 'D#5Q', 'C#5Q', 'C#5W', 'D#5W', 'G#4Q', '(', '|', 'G#4Q', 'F#4R', 'RESTQ', 'B4Q', 'B4Q', 'B4Q', '|', 'B4Q', 'A#4Q', 'G#4Q', 'G#4Q', 'F#4Q', 'F#4Q', 'F#4Q', 'C#4Q', '|', 'F#4Q', 'G#4W', 'G#4W', 'B4Q', 'B4Q', 'B4Q', '|', 'B4Q', 'A#4Q', 'A#4Q', 'A#4Q', 'A#4Q', 'B4Q', 'B4Q', 'B4Q', '|', 'B4Q', 'A#4Q', 'F#4Q', 'G#4W', 'B4Q', 'B4Q', 'B4Q', '|', 'B4Q', 'A#4Q', 'G#4Q', 'F#4Q', 'F#4Q', 'F#4Q', 'F#4Q', 'C#4Q', '|', 'F#4Q', 'G#4Q', 'G#4Q', 'G#4W', 'F#5Q', 'F#5Q', 'D#5Q', '|', 'F#5Q', 'D#5Q', 'C#5Q', 'C#5W', 'D#5W', 'G#4Q', '(', '|', 'G#4Q', 'F#4R', 'RESTR']",F#,B
66,C#major,1,,4,,15,"['C#', '|', 'G#', '|', 'D#-', '|', 'F#', '|', 'C#', '|', 'G#', '|', 'D#-', '|', 'F#', '|', 'C#', '|', 'G#', '|', 'D#-', '|', 'F#', '|', 'C#', '|', 'G#', '|', 'D#-', '|', 'F#']","['E#4Q', 'D#4Q', 'C#4Q', 'C#4W', 'C#4Q', 'G#3Q', 'C#4Q', '(', '|', 'C#4Q', 'D#4Q', 'D#4Q', 'D#4W', 'F#4Q', 'F#4Q', 'F#4Q', '|', 'F#4Q', 'E#4Q', 'E#4Q', 'D#4Q', 'D#4Q', 'A#3Q', 'A#3Q', 'F#4Q', '(', '|', 'F#4Q', 'E#4Q', 'E#4Q', 'D#4Q', 'D#4Q', 'F#4Q', 'F#4Q', 'E#4Q', '|', 'E#4Q', 'D#4Q', 'D#4Q', 'C#4Q', 'C#4Q', 'A#3Q', 'G#3Q', 'C#4Q', '(', '|', 'C#4Q', 'D#4Q', 'D#4Q', 'D#4W', 'C#5Q', 'C#5Q', 'A#4Q', '|', 'C#5Q', 'A#4Q', 'G#4Q', 'G#4W', 'A#4W', 'D#4Q', '(', '|', 'D#4Q', 'C#4R', 'RESTQ', 'F#4Q', 'F#4Q', 'F#4Q', '|', 'F#4Q', 'E#4Q', 'D#4Q', 'D#4Q', 'C#4Q', 'C#4Q', 'C#4Q', 'G#3Q', '|', 'C#4Q', 'D#4W', 'D#4W', 'F#4Q', 'F#4Q', 'F#4Q', '|', 'F#4Q', 'E#4Q', 'E#4Q', 'E#4Q', 'E#4Q', 'F#4Q', 'F#4Q', 'F#4Q', '|', 'F#4Q', 'E#4Q', 'C#4Q', 'D#4W', 'F#4Q', 'F#4Q', 'F#4Q', '|', 'F#4Q', 'E#4Q', 'D#4Q', 'C#4Q', 'C#4Q', 'C#4Q', 'C#4Q', 'G#3Q', '|', 'C#4Q', 'D#4Q', 'D#4Q', 'D#4W', 'C#5Q', 'C#5Q', 'A#4Q', '|', 'C#5Q', 'A#4Q', 'G#4Q', 'G#4W', 'A#4W', 'D#4Q', '(', '|', 'D#4Q', 'C#4R', 'RESTR']",C#,F#
67,G#major,1,,4,,15,"['G#', '|', 'D#', '|', 'A#-', '|', 'C#', '|', 'G#', '|', 'D#', '|', 'A#-', '|', 'C#', '|', 'G#', '|', 'D#', '|', 'A#-', '|', 'C#', '|', 'G#', '|', 'D#', '|', 'A#-', '|', 'C#']","['B#5Q', 'A#4Q', 'G#4Q', 'G#4W', 'G#4Q', 'D#4Q', 'G#4Q', '(', '|', 'G#4Q', 'A#4Q', 'A#4Q', 'A#4W', 'C#5Q', 'C#5Q', 'C#5Q', '|', 'C#5Q', 'B#5Q', 'B#5Q', 'A#4Q', 'A#4Q', 'E#4Q', 'E#4Q', 'C#5Q', '(', '|', 'C#5Q', 'B#5Q', 'B#5Q', 'A#4Q', 'A#4Q', 'C#5Q', 'C#5Q', 'B#5Q', '|', 'B#5Q', 'A#4Q', 'A#4Q', 'G#4Q', 'G#4Q', 'E#4Q', 'D#4Q', 'G#4Q', '(', '|', 'G#4Q', 'A#4Q', 'A#4Q', 'A#4W', 'G#5Q', 'G#5Q', 'E#5Q', '|', 'G#5Q', 'E#5Q', 'D#5Q', 'D#5W', 'E#5W', 'A#4Q', '(', '|', 'A#4Q', 'G#4R', 'RESTQ', 'C#5Q', 'C#5Q', 'C#5Q', '|', 'C#5Q', 'B#5Q', 'A#4Q', 'A#4Q', 'G#4Q', 'G#4Q', 'G#4Q', 'D#4Q', '|', 'G#4Q', 'A#4W', 'A#4W', 'C#5Q', 'C#5Q', 'C#5Q', '|', 'C#5Q', 'B#5Q', 'B#5Q', 'B#5Q', 'B#5Q', 'C#5Q', 'C#5Q', 'C#5Q', '|', 'C#5Q', 'B#5Q', 'G#4Q', 'A#4W', 'C#5Q', 'C#5Q', 'C#5Q', '|', 'C#5Q', 'B#5Q', 'A#4Q', 'G#4Q', 'G#4Q', 'G#4Q', 'G#4Q', 'D#4Q', '|', 'G#4Q', 'A#4Q', 'A#4Q', 'A#4W', 'G#5Q', 'G#5Q', 'E#5Q', '|', 'G#5Q', 'E#5Q', 'D#5Q', 'D#5W', 'E#5W', 'A#4Q', '(', '|', 'A#4Q', 'G#4R', 'RESTR']",G#,C#
68,Fbmajor,0,,4,,7,"['Bbb', '|', 'Bbb', '|', 'Bbb', '|', 'Bbb', '|', 'Db-', '|', 'Db-', '|', 'Cb', '|', 'Cb']","['RESTQ', 'Gb5W', 'Gb5W', 'Fb5Q', '|', 'Eb5Q', 'Db5Q', 'Gb5Q', '|', 'RESTQ', 'Gb5W', 'Gb5W', 'Fb5Q', '|', 'Eb5Q', 'Db5Q', 'Gb5Q', 'Db5Q', '|', 'RESTQ', 'Gb5W', 'Gb5W', 'Fb5Q', '|', 'Eb5Q', 'Db5Q', 'Ab5Q', '|', 'RESTQ', 'Gb5W', 'Gb5W', 'Fb5Q', '|', 'Eb5Q', 'Db5Q', 'Gb5Q', 'Db5Q', '(']",Bbb,Cb
69,Cbmajor,0,,4,,7,"['Fb', '|', 'Fb', '|', 'Fb', '|', 'Fb', '|', 'Ab-', '|', 'Ab-', '|', 'Gb', '|', 'Gb']","['RESTQ', 'Db6W', 'Db6W', 'Cb5Q', '|', 'Bb5Q', 'Ab5Q', 'Db6Q', '|', 'RESTQ', 'Db6W', 'Db6W', 'Cb5Q', '|', 'Bb5Q', 'Ab5Q', 'Db6Q', 'Ab5Q', '|', 'RESTQ', 'Db6W', 'Db6W', 'Cb5Q', '|', 'Bb5Q', 'Ab5Q', 'Eb6Q', '|', 'RESTQ', 'Db6W', 'Db6W', 'Cb5Q', '|', 'Bb5Q', 'Ab5Q', 'Db6Q', 'Ab5Q', '(']",Fb,Gb
70,Gbmajor,0,,4,,7,"['Cb', '|', 'Cb', '|', 'Cb', '|', 'Cb', '|', 'Eb-', '|', 'Eb-', '|', 'Db', '|', 'Db']","['RESTQ', 'Ab5W', 'Ab5W', 'Gb5Q', '|', 'F5Q', 'Eb5Q', 'Ab5Q', '|', 'RESTQ', 'Ab5W', 'Ab5W', 'Gb5Q', '|', 'F5Q', 'Eb5Q', 'Ab5Q', 'Eb5Q', '|', 'RESTQ', 'Ab5W', 'Ab5W', 'Gb5Q', '|', 'F5Q', 'Eb5Q', 'Bb5Q', '|', 'RESTQ', 'Ab5W', 'Ab5W', 'Gb5Q', '|', 'F5Q', 'Eb5Q', 'Ab5Q', 'Eb5Q', '(']",Cb,Db
71,Dbmajor,0,,4,,7,"['Gb', '|', 'Gb', '|', 'Gb', '|', 'Gb', '|', 'Bb-', '|', 'Bb-', '|', 'Ab', '|', 'Ab']","['RESTQ', 'Eb5W', 'Eb5W', 'Db5Q', '|', 'C5Q', 'Bb4Q', 'Eb5Q', '|', 'RESTQ', 'Eb5W', 'Eb5W', 'Db5Q', '|', 'C5Q', 'Bb4Q', 'Eb5Q', 'Bb4Q', '|', 'RESTQ', 'Eb5W', 'Eb5W', 'Db5Q', '|', 'C5Q', 'Bb4Q', 'F5Q', '|', 'RESTQ', 'Eb5W', 'Eb5W', 'Db5Q', '|', 'C5Q', 'Bb4Q', 'Eb5Q', 'Bb4Q', '(']",Gb,Ab
72,Abmajor,0,,4,,7,"['Db', '|', 'Db', '|', 'Db', '|', 'Db', '|', 'F-', '|', 'F-', '|', 'Eb', '|', 'Eb']","['RESTQ', 'Bb5W', 'Bb5W', 'Ab5Q', '|', 'G5Q', 'F5Q', 'Bb5Q', '|', 'RESTQ', 'Bb5W', 'Bb5W', 'Ab5Q', '|', 'G5Q', 'F5Q', 'Bb5Q', 'F5Q', '|', 'RESTQ', 'Bb5W', 'Bb5W', 'Ab5Q', '|', 'G5Q', 'F5Q', 'C6Q', '|', 'RESTQ', 'Bb5W', 'Bb5W', 'Ab5Q', '|', 'G5Q', 'F5Q', 'Bb5Q', 'F5Q', '(']",Db,Eb
73,Ebmajor,0,,4,,7,"['Ab', '|', 'Ab', '|', 'Ab', '|', 'Ab', '|', 'C-', '|', 'C-', '|', 'Bb', '|', 'Bb']","['RESTQ', 'F5W', 'F5W', 'Eb5Q', '|', 'D5Q', 'C5Q', 'F5Q', '|', 'RESTQ', 'F5W', 'F5W', 'Eb5Q', '|', 'D5Q', 'C5Q', 'F5Q', 'C5Q', '|', 'RESTQ', 'F5W', 'F5W', 'Eb5Q', '|', 'D5Q', 'C5Q', 'G5Q', '|', 'RESTQ', 'F5W', 'F5W', 'Eb5Q', '|', 'D5Q', 'C5Q', 'F5Q', 'C5Q', '(']",Ab,Bb
74,Bbmajor,0,,4,,7,"['Eb', '|', 'Eb', '|', 'Eb', '|', 'Eb', '|', 'G-', '|', 'G-', '|', 'F', '|', 'F']","['RESTQ', 'C6W', 'C6W', 'Bb5Q', '|', 'A5Q', 'G5Q', 'C6Q', '|', 'RESTQ', 'C6W', 'C6W', 'Bb5Q', '|', 'A5Q', 'G5Q', 'C6Q', 'G5Q', '|', 'RESTQ', 'C6W', 'C6W', 'Bb5Q', '|', 'A5Q', 'G5Q', 'D6Q', '|', 'RESTQ', 'C6W', 'C6W', 'Bb5Q', '|', 'A5Q', 'G5Q', 'C6Q', 'G5Q', '(']",Eb,F
75,Fmajor,0,,4,,7,"['Bb', '|', 'Bb', '|', 'Bb', '|', 'Bb', '|', 'D-', '|', 'D-', '|', 'C', '|', 'C']","['RESTQ', 'G5W', 'G5W', 'F5Q', '|', 'E5Q', 'D5Q', 'G5Q', '|', 'RESTQ', 'G5W', 'G5W', 'F5Q', '|', 'E5Q', 'D5Q', 'G5Q', 'D5Q', '|', 'RESTQ', 'G5W', 'G5W', 'F5Q', '|', 'E5Q', 'D5Q', 'A5Q', '|', 'RESTQ', 'G5W', 'G5W', 'F5Q', '|', 'E5Q', 'D5Q', 'G5Q', 'D5Q', '(']",Bb,C
76,Cmajor,0,,4,,7,"['F', '|', 'F', '|', 'F', '|', 'F', '|', 'A-', '|', 'A-', '|', 'G', '|', 'G']","['RESTQ', 'D5W', 'D5W', 'C5Q', '|', 'B4Q', 'A4Q', 'D5Q', '|', 'RESTQ', 'D5W', 'D5W', 'C5Q', '|', 'B4Q', 'A4Q', 'D5Q', 'A4Q', '|', 'RESTQ', 'D5W', 'D5W', 'C5Q', '|', 'B4Q', 'A4Q', 'E5Q', '|', 'RESTQ', 'D5W', 'D5W', 'C5Q', '|', 'B4Q', 'A4Q', 'D5Q', 'A4Q', '(']",F,G
77,Gmajor,0,,4,,7,"['C', '|', 'C', '|', 'C', '|', 'C', '|', 'E-', '|', 'E-', '|', 'D', '|', 'D']","['RESTQ', 'A5W', 'A5W', 'G5Q', '|', 'F#5Q', 'E5Q', 'A5Q', '|', 'RESTQ', 'A5W', 'A5W', 'G5Q', '|', 'F#5Q', 'E5Q', 'A5Q', 'E5Q', '|', 'RESTQ', 'A5W', 'A5W', 'G5Q', '|', 'F#5Q', 'E5Q', 'B5Q', '|', 'RESTQ', 'A5W', 'A5W', 'G5Q', '|', 'F#5Q', 'E5Q', 'A5Q', 'E5Q', '(']",C,D
78,Dmajor,0,,4,,7,"['G', '|', 'G', '|', 'G', '|', 'G', '|', 'B-', '|', 'B-', '|', 'A', '|', 'A']","['RESTQ', 'E5W', 'E5W', 'D5Q', '|', 'C#5Q', 'B4Q', 'E5Q', '|', 'RESTQ', 'E5W', 'E5W', 'D5Q', '|', 'C#5Q', 'B4Q', 'E5Q', 'B4Q', '|', 'RESTQ', 'E5W', 'E5W', 'D5Q', '|', 'C#5Q', 'B4Q', 'F#5Q', '|', 'RESTQ', 'E5W', 'E5W', 'D5Q', '|', 'C#5Q', 'B4Q', 'E5Q', 'B4Q', '(']",G,A
79,Amajor,0,,4,,7,"['D', '|', 'D', '|', 'D', '|', 'D', '|', 'F#-', '|', 'F#-', '|', 'E', '|', 'E']","['RESTQ', 'B5W', 'B5W', 'A5Q', '|', 'G#5Q', 'F#5Q', 'B5Q', '|', 'RESTQ', 'B5W', 'B5W', 'A5Q', '|', 'G#5Q', 'F#5Q', 'B5Q', 'F#5Q', '|', 'RESTQ', 'B5W', 'B5W', 'A5Q', '|', 'G#5Q', 'F#5Q', 'C#6Q', '|', 'RESTQ', 'B5W', 'B5W', 'A5Q', '|', 'G#5Q', 'F#5Q', 'B5Q', 'F#5Q', '(']",D,E
80,Emajor,0,,4,,7,"['A', '|', 'A', '|', 'A', '|', 'A', '|', 'C#-', '|', 'C#-', '|', 'B', '|', 'B']","['RESTQ', 'F#5W', 'F#5W', 'E5Q', '|', 'D#5Q', 'C#5Q', 'F#5Q', '|', 'RESTQ', 'F#5W', 'F#5W', 'E5Q', '|', 'D#5Q', 'C#5Q', 'F#5Q', 'C#5Q', '|', 'RESTQ', 'F#5W', 'F#5W', 'E5Q', '|', 'D#5Q', 'C#5Q', 'G#5Q', '|', 'RESTQ', 'F#5W', 'F#5W', 'E5Q', '|', 'D#5Q', 'C#5Q', 'F#5Q', 'C#5Q', '(']",A,B
81,Bmajor,0,,4,,7,"['E', '|', 'E', '|', 'E', '|', 'E', '|', 'G#-', '|', 'G#-', '|', 'F#', '|', 'F#']","['RESTQ', 'C#5W', 'C#5W', 'B4Q', '|', 'A#4Q', 'G#4Q', 'C#5Q', '|', 'RESTQ', 'C#5W', 'C#5W', 'B4Q', '|', 'A#4Q', 'G#4Q', 'C#5Q', 'G#4Q', '|', 'RESTQ', 'C#5W', 'C#5W', 'B4Q', '|', 'A#4Q', 'G#4Q', 'D#5Q', '|', 'RESTQ', 'C#5W', 'C#5W', 'B4Q', '|', 'A#4Q', 'G#4Q', 'C#5Q', 'G#4Q', '(']",E,F#
82,F#major,0,,4,,7,"['B', '|', 'B', '|', 'B', '|', 'B', '|', 'D#-', '|', 'D#-', '|', 'C#', '|', 'C#']","['RESTQ', 'G#5W', 'G#5W', 'F#5Q', '|', 'E#5Q', 'D#5Q', 'G#5Q', '|', 'RESTQ', 'G#5W', 'G#5W', 'F#5Q', '|', 'E#5Q', 'D#5Q', 'G#5Q', 'D#5Q', '|', 'RESTQ', 'G#5W', 'G#5W', 'F#5Q', '|', 'E#5Q', 'D#5Q', 'A#5Q', '|', 'RESTQ', 'G#5W', 'G#5W', 'F#5Q', '|', 'E#5Q', 'D#5Q', 'G#5Q', 'D#5Q', '(']",B,C#
83,C#major,0,,4,,7,"['F#', '|', 'F#', '|', 'F#', '|', 'F#', '|', 'A#-', '|', 'A#-', '|', 'G#', '|', 'G#']","['RESTQ', 'D#5W', 'D#5W', 'C#5Q', '|', 'B#5Q', 'A#4Q', 'D#5Q', '|', 'RESTQ', 'D#5W', 'D#5W', 'C#5Q', '|', 'B#5Q', 'A#4Q', 'D#5Q', 'A#4Q', '|', 'RESTQ', 'D#5W', 'D#5W', 'C#5Q', '|', 'B#5Q', 'A#4Q', 'E#5Q', '|', 'RESTQ', 'D#5W', 'D#5W', 'C#5Q', '|', 'B#5Q', 'A#4Q', 'D#5Q', 'A#4Q', '(']",F#,G#
84,G#major,0,,4,,7,"['C#', '|', 'C#', '|', 'C#', '|', 'C#', '|', 'E#-', '|', 'E#-', '|', 'D#', '|', 'D#']","['RESTQ', 'A#5W', 'A#5W', 'G#5Q', '|', 'F*5Q', 'E#5Q', 'A#5Q', '|', 'RESTQ', 'A#5W', 'A#5W', 'G#5Q', '|', 'F*5Q', 'E#5Q', 'A#5Q', 'E#5Q', '|', 'RESTQ', 'A#5W', 'A#5W', 'G#5Q', '|', 'F*5Q', 'E#5Q', 'B#6Q', '|', 'RESTQ', 'A#5W', 'A#5W', 'G#5Q', '|', 'F*5Q', 'E#5Q', 'A#5Q', 'E#5Q', '(']",C#,D#
85,Fbmajor,0,Dance,4,,7,"['Db-', '|', 'Bbb', '|', 'Fb', '|', 'Cb', '|', 'Db-', '|', 'Bbb', '|', 'Fb', '|', 'Fb']","['Fb5Q', 'Gb5Q', 'Ab5Q', 'Gb5Q', 'Ab5Q', 'Gb5Q', 'Db5Q', '|', 'Fb5Q', 'Fb5Q', 'Gb5W', 'Fb5Q', '(', '|', 'Fb5Q', 'Db5Q', '|', 'Gb5Q', '|', 'Fb5Q', 'Gb5Q', 'Ab5Q', 'Gb5Q', 'Ab5Q', 'Gb5Q', 'Db5Q', 'RESTQ', '|', 'Fb5Q', '|', 'Bbb5Q', '(', '|', 'Bbb5Q', '(']",Db-,Fb
86,Cbmajor,0,Dance,4,,7,"['Ab-', '|', 'Fb', '|', 'Cb', '|', 'Gb', '|', 'Ab-', '|', 'Fb', '|', 'Cb', '|', 'Cb']","['Cb5Q', 'Db6Q', 'Eb6Q', 'Db6Q', 'Eb6Q', 'Db6Q', 'Ab5Q', '|', 'Cb5Q', 'Cb5Q', 'Db6W', 'Cb5Q', '(', '|', 'Cb5Q', 'Ab5Q', '|', 'Db6Q', '|', 'Cb5Q', 'Db6Q', 'Eb6Q', 'Db6Q', 'Eb6Q', 'Db6Q', 'Ab5Q', 'RESTQ', '|', 'Cb5Q', '|', 'Fb6Q', '(', '|', 'Fb6Q', '(']",Ab-,Cb
87,Gbmajor,0,Dance,4,,7,"['Eb-', '|', 'Cb', '|', 'Gb', '|', 'Db', '|', 'Eb-', '|', 'Cb', '|', 'Gb', '|', 'Gb']","['Gb5Q', 'Ab5Q', 'Bb5Q', 'Ab5Q', 'Bb5Q', 'Ab5Q', 'Eb5Q', '|', 'Gb5Q', 'Gb5Q', 'Ab5W', 'Gb5Q', '(', '|', 'Gb5Q', 'Eb5Q', '|', 'Ab5Q', '|', 'Gb5Q', 'Ab5Q', 'Bb5Q', 'Ab5Q', 'Bb5Q', 'Ab5Q', 'Eb5Q', 'RESTQ', '|', 'Gb5Q', '|', 'Cb5Q', '(', '|', 'Cb5Q', '(']",Eb-,Gb
88,Dbmajor,0,Dance,4,,7,"['Bb-', '|', 'Gb', '|', 'Db', '|', 'Ab', '|', 'Bb-', '|', 'Gb', '|', 'Db', '|', 'Db']","['Db5Q', 'Eb5Q', 'F5Q', 'Eb5Q', 'F5Q', 'Eb5Q', 'Bb4Q', '|', 'Db5Q', 'Db5Q', 'Eb5W', 'Db5Q', '(', '|', 'Db5Q', 'Bb4Q', '|', 'Eb5Q', '|', 'Db5Q', 'Eb5Q', 'F5Q', 'Eb5Q', 'F5Q', 'Eb5Q', 'Bb4Q', 'RESTQ', '|', 'Db5Q', '|', 'Gb5Q', '(', '|', 'Gb5Q', '(']",Bb-,Db
89,Abmajor,0,Dance,4,,7,"['F-', '|', 'Db', '|', 'Ab', '|', 'Eb', '|', 'F-', '|', 'Db', '|', 'Ab', '|', 'Ab']","['Ab5Q', 'Bb5Q', 'C6Q', 'Bb5Q', 'C6Q', 'Bb5Q', 'F5Q', '|', 'Ab5Q', 'Ab5Q', 'Bb5W', 'Ab5Q', '(', '|', 'Ab5Q', 'F5Q', '|', 'Bb5Q', '|', 'Ab5Q', 'Bb5Q', 'C6Q', 'Bb5Q', 'C6Q', 'Bb5Q', 'F5Q', 'RESTQ', '|', 'Ab5Q', '|', 'Db6Q', '(', '|', 'Db6Q', '(']",F-,Ab
90,Ebmajor,0,Dance,4,,7,"['C-', '|', 'Ab', '|', 'Eb', '|', 'Bb', '|', 'C-', '|', 'Ab', '|', 'Eb', '|', 'Eb']","['Eb5Q', 'F5Q', 'G5Q', 'F5Q', 'G5Q', 'F5Q', 'C5Q', '|', 'Eb5Q', 'Eb5Q', 'F5W', 'Eb5Q', '(', '|', 'Eb5Q', 'C5Q', '|', 'F5Q', '|', 'Eb5Q', 'F5Q', 'G5Q', 'F5Q', 'G5Q', 'F5Q', 'C5Q', 'RESTQ', '|', 'Eb5Q', '|', 'Ab5Q', '(', '|', 'Ab5Q', '(']",C-,Eb
91,Bbmajor,0,Dance,4,,7,"['G-', '|', 'Eb', '|', 'Bb', '|', 'F', '|', 'G-', '|', 'Eb', '|', 'Bb', '|', 'Bb']","['Bb5Q', 'C6Q', 'D6Q', 'C6Q', 'D6Q', 'C6Q', 'G5Q', '|', 'Bb5Q', 'Bb5Q', 'C6W', 'Bb5Q', '(', '|', 'Bb5Q', 'G5Q', '|', 'C6Q', '|', 'Bb5Q', 'C6Q', 'D6Q', 'C6Q', 'D6Q', 'C6Q', 'G5Q', 'RESTQ', '|', 'Bb5Q', '|', 'Eb6Q', '(', '|', 'Eb6Q', '(']",G-,Bb
92,Fmajor,0,Dance,4,,7,"['D-', '|', 'Bb', '|', 'F', '|', 'C', '|', 'D-', '|', 'Bb', '|', 'F', '|', 'F']","['F5Q', 'G5Q', 'A5Q', 'G5Q', 'A5Q', 'G5Q', 'D5Q', '|', 'F5Q', 'F5Q', 'G5W', 'F5Q', '(', '|', 'F5Q', 'D5Q', '|', 'G5Q', '|', 'F5Q', 'G5Q', 'A5Q', 'G5Q', 'A5Q', 'G5Q', 'D5Q', 'RESTQ', '|', 'F5Q', '|', 'Bb5Q', '(', '|', 'Bb5Q', '(']",D-,F
93,Cmajor,0,Dance,4,,7,"['A-', '|', 'F', '|', 'C', '|', 'G', '|', 'A-', '|', 'F', '|', 'C', '|', 'C']","['C5Q', 'D5Q', 'E5Q', 'D5Q', 'E5Q', 'D5Q', 'A4Q', '|', 'C5Q', 'C5Q', 'D5W', 'C5Q', '(', '|', 'C5Q', 'A4Q', '|', 'D5Q', '|', 'C5Q', 'D5Q', 'E5Q', 'D5Q', 'E5Q', 'D5Q', 'A4Q', 'RESTQ', '|', 'C5Q', '|', 'F5Q', '(', '|', 'F5Q', '(']",A-,C
94,Gmajor,0,Dance,4,,7,"['E-', '|', 'C', '|', 'G', '|', 'D', '|', 'E-', '|', 'C', '|', 'G', '|', 'G']","['G5Q', 'A5Q', 'B5Q', 'A5Q', 'B5Q', 'A5Q', 'E5Q', '|', 'G5Q', 'G5Q', 'A5W', 'G5Q', '(', '|', 'G5Q', 'E5Q', '|', 'A5Q', '|', 'G5Q', 'A5Q', 'B5Q', 'A5Q', 'B5Q', 'A5Q', 'E5Q', 'RESTQ', '|', 'G5Q', '|', 'C6Q', '(', '|', 'C6Q', '(']",E-,G
95,Dmajor,0,Dance,4,,7,"['B-', '|', 'G', '|', 'D', '|', 'A', '|', 'B-', '|', 'G', '|', 'D', '|', 'D']","['D5Q', 'E5Q', 'F#5Q', 'E5Q', 'F#5Q', 'E5Q', 'B4Q', '|', 'D5Q', 'D5Q', 'E5W', 'D5Q', '(', '|', 'D5Q', 'B4Q', '|', 'E5Q', '|', 'D5Q', 'E5Q', 'F#5Q', 'E5Q', 'F#5Q', 'E5Q', 'B4Q', 'RESTQ', '|', 'D5Q', '|', 'G5Q', '(', '|', 'G5Q', '(']",B-,D
96,Amajor,0,Dance,4,,7,"['F#-', '|', 'D', '|', 'A', '|', 'E', '|', 'F#-', '|', 'D', '|', 'A', '|', 'A']","['A5Q', 'B5Q', 'C#6Q', 'B5Q', 'C#6Q', 'B5Q', 'F#5Q', '|', 'A5Q', 'A5Q', 'B5W', 'A5Q', '(', '|', 'A5Q', 'F#5Q', '|', 'B5Q', '|', 'A5Q', 'B5Q', 'C#6Q', 'B5Q', 'C#6Q', 'B5Q', 'F#5Q', 'RESTQ', '|', 'A5Q', '|', 'D6Q', '(', '|', 'D6Q', '(']",F#-,A
97,Emajor,0,Dance,4,,7,"['C#-', '|', 'A', '|', 'E', '|', 'B', '|', 'C#-', '|', 'A', '|', 'E', '|', 'E']","['E5Q', 'F#5Q', 'G#5Q', 'F#5Q', 'G#5Q', 'F#5Q', 'C#5Q', '|', 'E5Q', 'E5Q', 'F#5W', 'E5Q', '(', '|', 'E5Q', 'C#5Q', '|', 'F#5Q', '|', 'E5Q', 'F#5Q', 'G#5Q', 'F#5Q', 'G#5Q', 'F#5Q', 'C#5Q', 'RESTQ', '|', 'E5Q', '|', 'A5Q', '(', '|', 'A5Q', '(']",C#-,E
98,Bmajor,0,Dance,4,,7,"['G#-', '|', 'E', '|', 'B', '|', 'F#', '|', 'G#-', '|', 'E', '|', 'B', '|', 'B']","['B4Q', 'C#5Q', 'D#5Q', 'C#5Q', 'D#5Q', 'C#5Q', 'G#4Q', '|', 'B4Q', 'B4Q', 'C#5W', 'B4Q', '(', '|', 'B4Q', 'G#4Q', '|', 'C#5Q', '|', 'B4Q', 'C#5Q', 'D#5Q', 'C#5Q', 'D#5Q', 'C#5Q', 'G#4Q', 'RESTQ', '|', 'B4Q', '|', 'E5Q', '(', '|', 'E5Q', '(']",G#-,B
99,F#major,0,Dance,4,,7,"['D#-', '|', 'B', '|', 'F#', '|', 'C#', '|', 'D#-', '|', 'B', '|', 'F#', '|', 'F#']","['F#5Q', 'G#5Q', 'A#5Q', 'G#5Q', 'A#5Q', 'G#5Q', 'D#5Q', '|', 'F#5Q', 'F#5Q', 'G#5W', 'F#5Q', '(', '|', 'F#5Q', 'D#5Q', '|', 'G#5Q', '|', 'F#5Q', 'G#5Q', 'A#5Q', 'G#5Q', 'A#5Q', 'G#5Q', 'D#5Q', 'RESTQ', '|', 'F#5Q', '|', 'B5Q', '(', '|', 'B5Q', '(']",D#-,F#
