,key,complexity,genre,meter,form,barNum,chord_changes,melody,rhythms,first,last
0,Fbmajor,4,Alternative,4,,7,"['Fb', '|', 'Fb', '|', 'Bbbj7', '|', 'Bbbj7', '|', 'Cb6', '|', 'Ab-7', '|', 'Bbbj7', 'Cb', '|', 'Cb']","['Fb4', 'Ab4', 'Cb4', 'Fb5', 'Eb5', 'Fb5', '(', '|', 'Fb5', 'Fb5', 'Eb5', '|', 'Bbb4', 'Db5', 'Fb5', 'Ab5', 'Gb5', 'Fb5', '(', '|', 'Fb5', 'Fb5', 'Eb5', '|', 'Cb4', 'Eb5', 'Gb5', 'Ab5', 'Gb5', '|', 'Ab4', 'Cb4', 'Eb5', 'Gb5', 'Fb5', '|', 'Bbb4', 'Db5', 'Fb5', 'Ab5', 'Gb5', ';', 'Gb5', '(', '|', 'Gb5', '(']","[0.5, 0.5, 0.5, 1.0, 1.0, 0.5, '|', 2.0, 1.0, 1.0, '|', 0.5, 0.5, 0.5, 1.0, 1.0, 0.5, '|', 2.0, 1.0, 1.0, '|', 0.5, 0.5, 0.5, 1.0, 1.5, '|', 0.5, 0.5, 0.5, 1.0, 1.5, '|', 0.5, 0.5, 0.5, 1.0, 0.5, ';', 1.0, '|', 4.0]",Fb,Cb
1,Cbmajor,4,Alternative,4,,7,"['Cb', '|', 'Cb', '|', 'Fbj7', '|', 'Fbj7', '|', 'Gb6', '|', 'Eb-7', '|', 'Fbj7', 'Gb', '|', 'Gb']","['Cb4', 'Eb5', 'Gb5', 'Cb5', 'Bb5', 'Cb5', '(', '|', 'Cb5', 'Cb5', 'Bb5', '|', 'Fb5', 'Ab5', 'Cb5', 'Eb6', 'Db6', 'Cb5', '(', '|', 'Cb5', 'Cb5', 'Bb5', '|', 'Gb5', 'Bb5', 'Db6', 'Eb6', 'Db6', '|', 'Eb5', 'Gb5', 'Bb5', 'Db6', 'Cb5', '|', 'Fb5', 'Ab5', 'Cb5', 'Eb6', 'Db6', ';', 'Db6', '(', '|', 'Db6', '(']","[0.5, 0.5, 0.5, 1.0, 1.0, 0.5, '|', 2.0, 1.0, 1.0, '|', 0.5, 0.5, 0.5, 1.0, 1.0, 0.5, '|', 2.0, 1.0, 1.0, '|', 0.5, 0.5, 0.5, 1.0, 1.5, '|', 0.5, 0.5, 0.5, 1.0, 1.5, '|', 0.5, 0.5, 0.5, 1.0, 0.5, ';', 1.0, '|', 4.0]",Cb,Gb
2,Gbmajor,4,Alternative,4,,7,"['Gb', '|', 'Gb', '|', 'Cbj7', '|', 'Cbj7', '|', 'Db6', '|', 'Bb-7', '|', 'Cbj7', 'Db', '|', 'Db']","['Gb4', 'Bb4', 'Db5', 'Gb5', 'F5', 'Gb5', '(', '|', 'Gb5', 'Gb5', 'F5', '|', 'Cb4', 'Eb5', 'Gb5', 'Bb5', 'Ab5', 'Gb5', '(', '|', 'Gb5', 'Gb5', 'F5', '|', 'Db5', 'F5', 'Ab5', 'Bb5', 'Ab5', '|', 'Bb4', 'Db5', 'F5', 'Ab5', 'Gb5', '|', 'Cb4', 'Eb5', 'Gb5', 'Bb5', 'Ab5', ';', 'Ab5', '(', '|', 'Ab5', '(']","[0.5, 0.5, 0.5, 1.0, 1.0, 0.5, '|', 2.0, 1.0, 1.0, '|', 0.5, 0.5, 0.5, 1.0, 1.0, 0.5, '|', 2.0, 1.0, 1.0, '|', 0.5, 0.5, 0.5, 1.0, 1.5, '|', 0.5, 0.5, 0.5, 1.0, 1.5, '|', 0.5, 0.5, 0.5, 1.0, 0.5, ';', 1.0, '|', 4.0]",Gb,Db
3,Dbmajor,4,Alternative,4,,7,"['Db', '|', 'Db', '|', 'Gbj7', '|', 'Gbj7', '|', 'Ab6', '|', 'F-7', '|', 'Gbj7', 'Ab', '|', 'Ab']","['Db4', 'F4', 'Ab4', 'Db5', 'C5', 'Db5', '(', '|', 'Db5', 'Db5', 'C5', '|', 'Gb4', 'Bb4', 'Db5', 'F5', 'Eb5', 'Db5', '(', '|', 'Db5', 'Db5', 'C5', '|', 'Ab4', 'C5', 'Eb5', 'F5', 'Eb5', '|', 'F4', 'Ab4', 'C5', 'Eb5', 'Db5', '|', 'Gb4', 'Bb4', 'Db5', 'F5', 'Eb5', ';', 'Eb5', '(', '|', 'Eb5', '(']","[0.5, 0.5, 0.5, 1.0, 1.0, 0.5, '|', 2.0, 1.0, 1.0, '|', 0.5, 0.5, 0.5, 1.0, 1.0, 0.5, '|', 2.0, 1.0, 1.0, '|', 0.5, 0.5, 0.5, 1.0, 1.5, '|', 0.5, 0.5, 0.5, 1.0, 1.5, '|', 0.5, 0.5, 0.5, 1.0, 0.5, ';', 1.0, '|', 4.0]",Db,Ab
4,Abmajor,4,Alternative,4,,7,"['Ab', '|', 'Ab', '|', 'Dbj7', '|', 'Dbj7', '|', 'Eb6', '|', 'C-7', '|', 'Dbj7', 'Eb', '|', 'Eb']","['Ab4', 'C5', 'Eb5', 'Ab5', 'G5', 'Ab5', '(', '|', 'Ab5', 'Ab5', 'G5', '|', 'Db5', 'F5', 'Ab5', 'C6', 'Bb5', 'Ab5', '(', '|', 'Ab5', 'Ab5', 'G5', '|', 'Eb5', 'G5', 'Bb5', 'C6', 'Bb5', '|', 'C5', 'Eb5', 'G5', 'Bb5', 'Ab5', '|', 'Db5', 'F5', 'Ab5', 'C6', 'Bb5', ';', 'Bb5', '(', '|', 'Bb5', '(']","[0.5, 0.5, 0.5, 1.0, 1.0, 0.5, '|', 2.0, 1.0, 1.0, '|', 0.5, 0.5, 0.5, 1.0, 1.0, 0.5, '|', 2.0, 1.0, 1.0, '|', 0.5, 0.5, 0.5, 1.0, 1.5, '|', 0.5, 0.5, 0.5, 1.0, 1.5, '|', 0.5, 0.5, 0.5, 1.0, 0.5, ';', 1.0, '|', 4.0]",Ab,Eb
5,Ebmajor,4,Alternative,4,,7,"['Eb', '|', 'Eb', '|', 'Abj7', '|', 'Abj7', '|', 'Bb6', '|', 'G-7', '|', 'Abj7', 'Bb', '|', 'Bb']","['Eb4', 'G4', 'Bb4', 'Eb5', 'D5', 'Eb5', '(', '|', 'Eb5', 'Eb5', 'D5', '|', 'Ab4', 'C5', 'Eb5', 'G5', 'F5', 'Eb5', '(', '|', 'Eb5', 'Eb5', 'D5', '|', 'Bb4', 'D5', 'F5', 'G5', 'F5', '|', 'G4', 'Bb4', 'D5', 'F5', 'Eb5', '|', 'Ab4', 'C5', 'Eb5', 'G5', 'F5', ';', 'F5', '(', '|', 'F5', '(']","[0.5, 0.5, 0.5, 1.0, 1.0, 0.5, '|', 2.0, 1.0, 1.0, '|', 0.5, 0.5, 0.5, 1.0, 1.0, 0.5, '|', 2.0, 1.0, 1.0, '|', 0.5, 0.5, 0.5, 1.0, 1.5, '|', 0.5, 0.5, 0.5, 1.0, 1.5, '|', 0.5, 0.5, 0.5, 1.0, 0.5, ';', 1.0, '|', 4.0]",Eb,Bb
6,Bbmajor,4,Alternative,4,,7,"['Bb', '|', 'Bb', '|', 'Ebj7', '|', 'Ebj7', '|', 'F6', '|', 'D-7', '|', 'Ebj7', 'F', '|', 'F']","['Bb4', 'D5', 'F5', 'Bb5', 'A5', 'Bb5', '(', '|', 'Bb5', 'Bb5', 'A5', '|', 'Eb5', 'G5', 'Bb5', 'D6', 'C6', 'Bb5', '(', '|', 'Bb5', 'Bb5', 'A5', '|', 'F5', 'A5', 'C6', 'D6', 'C6', '|', 'D5', 'F5', 'A5', 'C6', 'Bb5', '|', 'Eb5', 'G5', 'Bb5', 'D6', 'C6', ';', 'C6', '(', '|', 'C6', '(']","[0.5, 0.5, 0.5, 1.0, 1.0, 0.5, '|', 2.0, 1.0, 1.0, '|', 0.5, 0.5, 0.5, 1.0, 1.0, 0.5, '|', 2.0, 1.0, 1.0, '|', 0.5, 0.5, 0.5, 1.0, 1.5, '|', 0.5, 0.5, 0.5, 1.0, 1.5, '|', 0.5, 0.5, 0.5, 1.0, 0.5, ';', 1.0, '|', 4.0]",Bb,F
7,Fmajor,4,Alternative,4,,7,"['F', '|', 'F', '|', 'Bbj7', '|', 'Bbj7', '|', 'C6', '|', 'A-7', '|', 'Bbj7', 'C', '|', 'C']","['F4', 'A4', 'C5', 'F5', 'E5', 'F5', '(', '|', 'F5', 'F5', 'E5', '|', 'Bb4', 'D5', 'F5', 'A5', 'G5', 'F5', '(', '|', 'F5', 'F5', 'E5', '|', 'C5', 'E5', 'G5', 'A5', 'G5', '|', 'A4', 'C5', 'E5', 'G5', 'F5', '|', 'Bb4', 'D5', 'F5', 'A5', 'G5', ';', 'G5', '(', '|', 'G5', '(']","[0.5, 0.5, 0.5, 1.0, 1.0, 0.5, '|', 2.0, 1.0, 1.0, '|', 0.5, 0.5, 0.5, 1.0, 1.0, 0.5, '|', 2.0, 1.0, 1.0, '|', 0.5, 0.5, 0.5, 1.0, 1.5, '|', 0.5, 0.5, 0.5, 1.0, 1.5, '|', 0.5, 0.5, 0.5, 1.0, 0.5, ';', 1.0, '|', 4.0]",F,C
8,Cmajor,4,Alternative,4,,7,"['C', '|', 'C', '|', 'Fj7', '|', 'Fj7', '|', 'G6', '|', 'E-7', '|', 'Fj7', 'G', '|', 'G']","['C4', 'E4', 'G4', 'C5', 'B4', 'C5', '(', '|', 'C5', 'C5', 'B4', '|', 'F4', 'A4', 'C5', 'E5', 'D5', 'C5', '(', '|', 'C5', 'C5', 'B4', '|', 'G4', 'B4', 'D5', 'E5', 'D5', '|', 'E4', 'G4', 'B4', 'D5', 'C5', '|', 'F4', 'A4', 'C5', 'E5', 'D5', ';', 'D5', '(', '|', 'D5', '(']","[0.5, 0.5, 0.5, 1.0, 1.0, 0.5, '|', 2.0, 1.0, 1.0, '|', 0.5, 0.5, 0.5, 1.0, 1.0, 0.5, '|', 2.0, 1.0, 1.0, '|', 0.5, 0.5, 0.5, 1.0, 1.5, '|', 0.5, 0.5, 0.5, 1.0, 1.5, '|', 0.5, 0.5, 0.5, 1.0, 0.5, ';', 1.0, '|', 4.0]",C,G
9,Gmajor,4,Alternative,4,,7,"['G', '|', 'G', '|', 'Cj7', '|', 'Cj7', '|', 'D6', '|', 'B-7', '|', 'Cj7', 'D', '|', 'D']","['G4', 'B4', 'D5', 'G5', 'F#5', 'G5', '(', '|', 'G5', 'G5', 'F#5', '|', 'C5', 'E5', 'G5', 'B5', 'A5', 'G5', '(', '|', 'G5', 'G5', 'F#5', '|', 'D5', 'F#5', 'A5', 'B5', 'A5', '|', 'B4', 'D5', 'F#5', 'A5', 'G5', '|', 'C5', 'E5', 'G5', 'B5', 'A5', ';', 'A5', '(', '|', 'A5', '(']","[0.5, 0.5, 0.5, 1.0, 1.0, 0.5, '|', 2.0, 1.0, 1.0, '|', 0.5, 0.5, 0.5, 1.0, 1.0, 0.5, '|', 2.0, 1.0, 1.0, '|', 0.5, 0.5, 0.5, 1.0, 1.5, '|', 0.5, 0.5, 0.5, 1.0, 1.5, '|', 0.5, 0.5, 0.5, 1.0, 0.5, ';', 1.0, '|', 4.0]",G,D
10,Dmajor,4,Alternative,4,,7,"['D', '|', 'D', '|', 'Gj7', '|', 'Gj7', '|', 'A6', '|', 'F#-7', '|', 'Gj7', 'A', '|', 'A']","['D4', 'F#4', 'A4', 'D5', 'C#5', 'D5', '(', '|', 'D5', 'D5', 'C#5', '|', 'G4', 'B4', 'D5', 'F#5', 'E5', 'D5', '(', '|', 'D5', 'D5', 'C#5', '|', 'A4', 'C#5', 'E5', 'F#5', 'E5', '|', 'F#4', 'A4', 'C#5', 'E5', 'D5', '|', 'G4', 'B4', 'D5', 'F#5', 'E5', ';', 'E5', '(', '|', 'E5', '(']","[0.5, 0.5, 0.5, 1.0, 1.0, 0.5, '|', 2.0, 1.0, 1.0, '|', 0.5, 0.5, 0.5, 1.0, 1.0, 0.5, '|', 2.0, 1.0, 1.0, '|', 0.5, 0.5, 0.5, 1.0, 1.5, '|', 0.5, 0.5, 0.5, 1.0, 1.5, '|', 0.5, 0.5, 0.5, 1.0, 0.5, ';', 1.0, '|', 4.0]",D,A
11,Amajor,4,Alternative,4,,7,"['A', '|', 'A', '|', 'Dj7', '|', 'Dj7', '|', 'E6', '|', 'C#-7', '|', 'Dj7', 'E', '|', 'E']","['A4', 'C#5', 'E5', 'A5', 'G#5', 'A5', '(', '|', 'A5', 'A5', 'G#5', '|', 'D5', 'F#5', 'A5', 'C#6', 'B5', 'A5', '(', '|', 'A5', 'A5', 'G#5', '|', 'E5', 'G#5', 'B5', 'C#6', 'B5', '|', 'C#5', 'E5', 'G#5', 'B5', 'A5', '|', 'D5', 'F#5', 'A5', 'C#6', 'B5', ';', 'B5', '(', '|', 'B5', '(']","[0.5, 0.5, 0.5, 1.0, 1.0, 0.5, '|', 2.0, 1.0, 1.0, '|', 0.5, 0.5, 0.5, 1.0, 1.0, 0.5, '|', 2.0, 1.0, 1.0, '|', 0.5, 0.5, 0.5, 1.0, 1.5, '|', 0.5, 0.5, 0.5, 1.0, 1.5, '|', 0.5, 0.5, 0.5, 1.0, 0.5, ';', 1.0, '|', 4.0]",A,E
12,Emajor,4,Alternative,4,,7,"['E', '|', 'E', '|', 'Aj7', '|', 'Aj7', '|', 'B6', '|', 'G#-7', '|', 'Aj7', 'B', '|', 'B']","['E4', 'G#4', 'B4', 'E5', 'D#5', 'E5', '(', '|', 'E5', 'E5', 'D#5', '|', 'A4', 'C#5', 'E5', 'G#5', 'F#5', 'E5', '(', '|', 'E5', 'E5', 'D#5', '|', 'B4', 'D#5', 'F#5', 'G#5', 'F#5', '|', 'G#4', 'B4', 'D#5', 'F#5', 'E5', '|', 'A4', 'C#5', 'E5', 'G#5', 'F#5', ';', 'F#5', '(', '|', 'F#5', '(']","[0.5, 0.5, 0.5, 1.0, 1.0, 0.5, '|', 2.0, 1.0, 1.0, '|', 0.5, 0.5, 0.5, 1.0, 1.0, 0.5, '|', 2.0, 1.0, 1.0, '|', 0.5, 0.5, 0.5, 1.0, 1.5, '|', 0.5, 0.5, 0.5, 1.0, 1.5, '|', 0.5, 0.5, 0.5, 1.0, 0.5, ';', 1.0, '|', 4.0]",E,B
13,Bmajor,4,Alternative,4,,7,"['B', '|', 'B', '|', 'Ej7', '|', 'Ej7', '|', 'F#6', '|', 'D#-7', '|', 'Ej7', 'F#', '|', 'F#']","['B3', 'D#4', 'F#4', 'B4', 'A#4', 'B4', '(', '|', 'B4', 'B4', 'A#4', '|', 'E4', 'G#4', 'B4', 'D#5', 'C#5', 'B4', '(', '|', 'B4', 'B4', 'A#4', '|', 'F#4', 'A#4', 'C#5', 'D#5', 'C#5', '|', 'D#4', 'F#4', 'A#4', 'C#5', 'B4', '|', 'E4', 'G#4', 'B4', 'D#5', 'C#5', ';', 'C#5', '(', '|', 'C#5', '(']","[0.5, 0.5, 0.5, 1.0, 1.0, 0.5, '|', 2.0, 1.0, 1.0, '|', 0.5, 0.5, 0.5, 1.0, 1.0, 0.5, '|', 2.0, 1.0, 1.0, '|', 0.5, 0.5, 0.5, 1.0, 1.5, '|', 0.5, 0.5, 0.5, 1.0, 1.5, '|', 0.5, 0.5, 0.5, 1.0, 0.5, ';', 1.0, '|', 4.0]",B,F#
14,F#major,4,Alternative,4,,7,"['F#', '|', 'F#', '|', 'Bj7', '|', 'Bj7', '|', 'C#6', '|', 'A#-7', '|', 'Bj7', 'C#', '|', 'C#']","['F#4', 'A#4', 'C#5', 'F#5', 'E#5', 'F#5', '(', '|', 'F#5', 'F#5', 'E#5', '|', 'B4', 'D#5', 'F#5', 'A#5', 'G#5', 'F#5', '(', '|', 'F#5', 'F#5', 'E#5', '|', 'C#5', 'E#5', 'G#5', 'A#5', 'G#5', '|', 'A#4', 'C#5', 'E#5', 'G#5', 'F#5', '|', 'B4', 'D#5', 'F#5', 'A#5', 'G#5', ';', 'G#5', '(', '|', 'G#5', '(']","[0.5, 0.5, 0.5, 1.0, 1.0, 0.5, '|', 2.0, 1.0, 1.0, '|', 0.5, 0.5, 0.5, 1.0, 1.0, 0.5, '|', 2.0, 1.0, 1.0, '|', 0.5, 0.5, 0.5, 1.0, 1.5, '|', 0.5, 0.5, 0.5, 1.0, 1.5, '|', 0.5, 0.5, 0.5, 1.0, 0.5, ';', 1.0, '|', 4.0]",F#,C#
15,C#major,4,Alternative,4,,7,"['C#', '|', 'C#', '|', 'F#j7', '|', 'F#j7', '|', 'G#6', '|', 'E#-7', '|', 'F#j7', 'G#', '|', 'G#']","['C#4', 'E#4', 'G#4', 'C#5', 'B#5', 'C#5', '(', '|', 'C#5', 'C#5', 'B#5', '|', 'F#4', 'A#4', 'C#5', 'E#5', 'D#5', 'C#5', '(', '|', 'C#5', 'C#5', 'B#5', '|', 'G#4', 'B#5', 'D#5', 'E#5', 'D#5', '|', 'E#4', 'G#4', 'B#5', 'D#5', 'C#5', '|', 'F#4', 'A#4', 'C#5', 'E#5', 'D#5', ';', 'D#5', '(', '|', 'D#5', '(']","[0.5, 0.5, 0.5, 1.0, 1.0, 0.5, '|', 2.0, 1.0, 1.0, '|', 0.5, 0.5, 0.5, 1.0, 1.0, 0.5, '|', 2.0, 1.0, 1.0, '|', 0.5, 0.5, 0.5, 1.0, 1.5, '|', 0.5, 0.5, 0.5, 1.0, 1.5, '|', 0.5, 0.5, 0.5, 1.0, 0.5, ';', 1.0, '|', 4.0]",C#,G#
16,G#major,4,Alternative,4,,7,"['G#', '|', 'G#', '|', 'C#j7', '|', 'C#j7', '|', 'D#6', '|', 'B#-7', '|', 'C#j7', 'D#', '|', 'D#']","['G#4', 'B#5', 'D#5', 'G#5', 'F*5', 'G#5', '(', '|', 'G#5', 'G#5', 'F*5', '|', 'C#5', 'E#5', 'G#5', 'B#6', 'A#5', 'G#5', '(', '|', 'G#5', 'G#5', 'F*5', '|', 'D#5', 'F*5', 'A#5', 'B#6', 'A#5', '|', 'B#5', 'D#5', 'F*5', 'A#5', 'G#5', '|', 'C#5', 'E#5', 'G#5', 'B#6', 'A#5', ';', 'A#5', '(', '|', 'A#5', '(']","[0.5, 0.5, 0.5, 1.0, 1.0, 0.5, '|', 2.0, 1.0, 1.0, '|', 0.5, 0.5, 0.5, 1.0, 1.0, 0.5, '|', 2.0, 1.0, 1.0, '|', 0.5, 0.5, 0.5, 1.0, 1.5, '|', 0.5, 0.5, 0.5, 1.0, 1.5, '|', 0.5, 0.5, 0.5, 1.0, 0.5, ';', 1.0, '|', 4.0]",G#,D#
17,Fbmajor,2,Experimental,4,,16,"['Fb', 'Cb', '|', 'Cb', '|', 'Db-', 'Ab-', '|', 'Ab-', '|', 'Bbb', 'Fb', '|', 'Fb', '|', 'Cb', '|', 'Cb', '|', 'Fb', '|', 'Bbb', 'Cb', '|', 'Cb', '|', 'Fb', 'Ebb', '|', 'Db-', '|', 'Bbb', 'Cb', '|', 'Cb', '|', 'Fb', '|', 'Fb']","['Cb5', '&', 'Ab5', 'Bbb5', '(', ';', 'Bbb5', 'Cb5', '(', '|', 'Cb5', 'Eb6', '(', '|', 'Eb6', 'Fb6', 'Eb6', 'Db6', 'Cb5', '(', ';', 'Cb5', 'Cb5', '(', '|', 'Cb5', 'Eb6', '(', '|', 'Eb6', 'Fb6', 'Eb6', 'Db6', 'Cb5', '(', ';', 'Cb5', 'Cb5', '(', '|', 'Cb5', 'Cb5', 'Cb5', 'Eb6', 'Fb6', 'Eb6', '(', '|', 'Eb6', 'Eb6', '&', '|', '&', 'Db6', '|', '&', 'Cb5', '|', 'Bbb5', 'Bbb5', 'Db6', 'Fb6', ';', 'Eb6', '(', '|', 'Eb6', 'Db6', '|', 'Cb5', 'Cb5', ';', 'Fb6', 'Gb6', 'Gb6', '(', '|', 'Gb6', 'Fb6', '&', 'Eb6', '|', 'Fb6', 'Eb6', 'Bbb5', 'Bbb5', ';', 'Cb5', '(', '|', 'Cb5', 'Db6', 'Eb6', 'Fb6', '(', '|', 'Fb6', '(', '|', 'Fb6', '(']","[2.0, 0.25, 0.5, 0.75, ';', 0.25, 0.25, '|', 2.75, 1.25, '|', 0.25, 1.0, 1.0, 0.5, 0.75, ';', 0.25, 0.25, '|', 2.75, 1.25, '|', 0.25, 1.0, 1.0, 0.5, 0.5, ';', 0.5, 0.25, '|', 0.75, 1.0, 1.0, 0.5, 0.5, 0.25, '|', 1.25, 2.0, 0.75, '|', 2.5, 1.5, '|', 3.5, 0.5, '|', 1.0, 1.0, 0.5, 1.0, ';', 0.5, '|', 2.5, 1.5, '|', 1.0, 1.0, ';', 0.5, 1.0, 0.5, '|', 0.5, 1.5, 0.5, 1.5, '|', 1.0, 1.0, 0.5, 1.0, ';', 0.5, '|', 2.0, 0.5, 1.0, 0.5, '|', 4.0, '|', 4.0]",Fb,Fb
18,Cbmajor,2,Experimental,4,,16,"['Cb', 'Gb', '|', 'Gb', '|', 'Ab-', 'Eb-', '|', 'Eb-', '|', 'Fb', 'Cb', '|', 'Cb', '|', 'Gb', '|', 'Gb', '|', 'Cb', '|', 'Fb', 'Gb', '|', 'Gb', '|', 'Cb', 'Bbb', '|', 'Ab-', '|', 'Fb', 'Gb', '|', 'Gb', '|', 'Cb', '|', 'Cb']","['Gb6', '&', 'Eb6', 'Fb6', '(', ';', 'Fb6', 'Gb6', '(', '|', 'Gb6', 'Bb6', '(', '|', 'Bb6', 'Cb6', 'Bb6', 'Ab6', 'Gb6', '(', ';', 'Gb6', 'Gb6', '(', '|', 'Gb6', 'Bb6', '(', '|', 'Bb6', 'Cb6', 'Bb6', 'Ab6', 'Gb6', '(', ';', 'Gb6', 'Gb6', '(', '|', 'Gb6', 'Gb6', 'Gb6', 'Bb6', 'Cb6', 'Bb6', '(', '|', 'Bb6', 'Bb6', '&', '|', '&', 'Ab6', '|', '&', 'Gb6', '|', 'Fb6', 'Fb6', 'Ab6', 'Cb6', ';', 'Bb6', '(', '|', 'Bb6', 'Ab6', '|', 'Gb6', 'Gb6', ';', 'Cb6', 'Db7', 'Db7', '(', '|', 'Db7', 'Cb6', '&', 'Bb6', '|', 'Cb6', 'Bb6', 'Fb6', 'Fb6', ';', 'Gb6', '(', '|', 'Gb6', 'Ab6', 'Bb6', 'Cb6', '(', '|', 'Cb6', '(', '|', 'Cb6', '(']","[2.0, 0.25, 0.5, 0.75, ';', 0.25, 0.25, '|', 2.75, 1.25, '|', 0.25, 1.0, 1.0, 0.5, 0.75, ';', 0.25, 0.25, '|', 2.75, 1.25, '|', 0.25, 1.0, 1.0, 0.5, 0.5, ';', 0.5, 0.25, '|', 0.75, 1.0, 1.0, 0.5, 0.5, 0.25, '|', 1.25, 2.0, 0.75, '|', 2.5, 1.5, '|', 3.5, 0.5, '|', 1.0, 1.0, 0.5, 1.0, ';', 0.5, '|', 2.5, 1.5, '|', 1.0, 1.0, ';', 0.5, 1.0, 0.5, '|', 0.5, 1.5, 0.5, 1.5, '|', 1.0, 1.0, 0.5, 1.0, ';', 0.5, '|', 2.0, 0.5, 1.0, 0.5, '|', 4.0, '|', 4.0]",Cb,Cb
19,Gbmajor,2,Experimental,4,,16,"['Gb', 'Db', '|', 'Db', '|', 'Eb-', 'Bb-', '|', 'Bb-', '|', 'Cb', 'Gb', '|', 'Gb', '|', 'Db', '|', 'Db', '|', 'Gb', '|', 'Cb', 'Db', '|', 'Db', '|', 'Gb', 'Fb', '|', 'Eb-', '|', 'Cb', 'Db', '|', 'Db', '|', 'Gb', '|', 'Gb']","['Db6', '&', 'Bb5', 'Cb5', '(', ';', 'Cb5', 'Db6', '(', '|', 'Db6', 'F6', '(', '|', 'F6', 'Gb6', 'F6', 'Eb6', 'Db6', '(', ';', 'Db6', 'Db6', '(', '|', 'Db6', 'F6', '(', '|', 'F6', 'Gb6', 'F6', 'Eb6', 'Db6', '(', ';', 'Db6', 'Db6', '(', '|', 'Db6', 'Db6', 'Db6', 'F6', 'Gb6', 'F6', '(', '|', 'F6', 'F6', '&', '|', '&', 'Eb6', '|', '&', 'Db6', '|', 'Cb5', 'Cb5', 'Eb6', 'Gb6', ';', 'F6', '(', '|', 'F6', 'Eb6', '|', 'Db6', 'Db6', ';', 'Gb6', 'Ab6', 'Ab6', '(', '|', 'Ab6', 'Gb6', '&', 'F6', '|', 'Gb6', 'F6', 'Cb5', 'Cb5', ';', 'Db6', '(', '|', 'Db6', 'Eb6', 'F6', 'Gb6', '(', '|', 'Gb6', '(', '|', 'Gb6', '(']","[2.0, 0.25, 0.5, 0.75, ';', 0.25, 0.25, '|', 2.75, 1.25, '|', 0.25, 1.0, 1.0, 0.5, 0.75, ';', 0.25, 0.25, '|', 2.75, 1.25, '|', 0.25, 1.0, 1.0, 0.5, 0.5, ';', 0.5, 0.25, '|', 0.75, 1.0, 1.0, 0.5, 0.5, 0.25, '|', 1.25, 2.0, 0.75, '|', 2.5, 1.5, '|', 3.5, 0.5, '|', 1.0, 1.0, 0.5, 1.0, ';', 0.5, '|', 2.5, 1.5, '|', 1.0, 1.0, ';', 0.5, 1.0, 0.5, '|', 0.5, 1.5, 0.5, 1.5, '|', 1.0, 1.0, 0.5, 1.0, ';', 0.5, '|', 2.0, 0.5, 1.0, 0.5, '|', 4.0, '|', 4.0]",Gb,Gb
20,Dbmajor,2,Experimental,4,,16,"['Db', 'Ab', '|', 'Ab', '|', 'Bb-', 'F-', '|', 'F-', '|', 'Gb', 'Db', '|', 'Db', '|', 'Ab', '|', 'Ab', '|', 'Db', '|', 'Gb', 'Ab', '|', 'Ab', '|', 'Db', 'Cb', '|', 'Bb-', '|', 'Gb', 'Ab', '|', 'Ab', '|', 'Db', '|', 'Db']","['Ab5', '&', 'F5', 'Gb5', '(', ';', 'Gb5', 'Ab5', '(', '|', 'Ab5', 'C6', '(', '|', 'C6', 'Db6', 'C6', 'Bb5', 'Ab5', '(', ';', 'Ab5', 'Ab5', '(', '|', 'Ab5', 'C6', '(', '|', 'C6', 'Db6', 'C6', 'Bb5', 'Ab5', '(', ';', 'Ab5', 'Ab5', '(', '|', 'Ab5', 'Ab5', 'Ab5', 'C6', 'Db6', 'C6', '(', '|', 'C6', 'C6', '&', '|', '&', 'Bb5', '|', '&', 'Ab5', '|', 'Gb5', 'Gb5', 'Bb5', 'Db6', ';', 'C6', '(', '|', 'C6', 'Bb5', '|', 'Ab5', 'Ab5', ';', 'Db6', 'Eb6', 'Eb6', '(', '|', 'Eb6', 'Db6', '&', 'C6', '|', 'Db6', 'C6', 'Gb5', 'Gb5', ';', 'Ab5', '(', '|', 'Ab5', 'Bb5', 'C6', 'Db6', '(', '|', 'Db6', '(', '|', 'Db6', '(']","[2.0, 0.25, 0.5, 0.75, ';', 0.25, 0.25, '|', 2.75, 1.25, '|', 0.25, 1.0, 1.0, 0.5, 0.75, ';', 0.25, 0.25, '|', 2.75, 1.25, '|', 0.25, 1.0, 1.0, 0.5, 0.5, ';', 0.5, 0.25, '|', 0.75, 1.0, 1.0, 0.5, 0.5, 0.25, '|', 1.25, 2.0, 0.75, '|', 2.5, 1.5, '|', 3.5, 0.5, '|', 1.0, 1.0, 0.5, 1.0, ';', 0.5, '|', 2.5, 1.5, '|', 1.0, 1.0, ';', 0.5, 1.0, 0.5, '|', 0.5, 1.5, 0.5, 1.5, '|', 1.0, 1.0, 0.5, 1.0, ';', 0.5, '|', 2.0, 0.5, 1.0, 0.5, '|', 4.0, '|', 4.0]",Db,Db
21,Abmajor,2,Experimental,4,,16,"['Ab', 'Eb', '|', 'Eb', '|', 'F-', 'C-', '|', 'C-', '|', 'Db', 'Ab', '|', 'Ab', '|', 'Eb', '|', 'Eb', '|', 'Ab', '|', 'Db', 'Eb', '|', 'Eb', '|', 'Ab', 'Gb', '|', 'F-', '|', 'Db', 'Eb', '|', 'Eb', '|', 'Ab', '|', 'Ab']","['Eb6', '&', 'C6', 'Db6', '(', ';', 'Db6', 'Eb6', '(', '|', 'Eb6', 'G6', '(', '|', 'G6', 'Ab6', 'G6', 'F6', 'Eb6', '(', ';', 'Eb6', 'Eb6', '(', '|', 'Eb6', 'G6', '(', '|', 'G6', 'Ab6', 'G6', 'F6', 'Eb6', '(', ';', 'Eb6', 'Eb6', '(', '|', 'Eb6', 'Eb6', 'Eb6', 'G6', 'Ab6', 'G6', '(', '|', 'G6', 'G6', '&', '|', '&', 'F6', '|', '&', 'Eb6', '|', 'Db6', 'Db6', 'F6', 'Ab6', ';', 'G6', '(', '|', 'G6', 'F6', '|', 'Eb6', 'Eb6', ';', 'Ab6', 'Bb6', 'Bb6', '(', '|', 'Bb6', 'Ab6', '&', 'G6', '|', 'Ab6', 'G6', 'Db6', 'Db6', ';', 'Eb6', '(', '|', 'Eb6', 'F6', 'G6', 'Ab6', '(', '|', 'Ab6', '(', '|', 'Ab6', '(']","[2.0, 0.25, 0.5, 0.75, ';', 0.25, 0.25, '|', 2.75, 1.25, '|', 0.25, 1.0, 1.0, 0.5, 0.75, ';', 0.25, 0.25, '|', 2.75, 1.25, '|', 0.25, 1.0, 1.0, 0.5, 0.5, ';', 0.5, 0.25, '|', 0.75, 1.0, 1.0, 0.5, 0.5, 0.25, '|', 1.25, 2.0, 0.75, '|', 2.5, 1.5, '|', 3.5, 0.5, '|', 1.0, 1.0, 0.5, 1.0, ';', 0.5, '|', 2.5, 1.5, '|', 1.0, 1.0, ';', 0.5, 1.0, 0.5, '|', 0.5, 1.5, 0.5, 1.5, '|', 1.0, 1.0, 0.5, 1.0, ';', 0.5, '|', 2.0, 0.5, 1.0, 0.5, '|', 4.0, '|', 4.0]",Ab,Ab
22,Ebmajor,2,Experimental,4,,16,"['Eb', 'Bb', '|', 'Bb', '|', 'C-', 'G-', '|', 'G-', '|', 'Ab', 'Eb', '|', 'Eb', '|', 'Bb', '|', 'Bb', '|', 'Eb', '|', 'Ab', 'Bb', '|', 'Bb', '|', 'Eb', 'Db', '|', 'C-', '|', 'Ab', 'Bb', '|', 'Bb', '|', 'Eb', '|', 'Eb']","['Bb5', '&', 'G5', 'Ab5', '(', ';', 'Ab5', 'Bb5', '(', '|', 'Bb5', 'D6', '(', '|', 'D6', 'Eb6', 'D6', 'C6', 'Bb5', '(', ';', 'Bb5', 'Bb5', '(', '|', 'Bb5', 'D6', '(', '|', 'D6', 'Eb6', 'D6', 'C6', 'Bb5', '(', ';', 'Bb5', 'Bb5', '(', '|', 'Bb5', 'Bb5', 'Bb5', 'D6', 'Eb6', 'D6', '(', '|', 'D6', 'D6', '&', '|', '&', 'C6', '|', '&', 'Bb5', '|', 'Ab5', 'Ab5', 'C6', 'Eb6', ';', 'D6', '(', '|', 'D6', 'C6', '|', 'Bb5', 'Bb5', ';', 'Eb6', 'F6', 'F6', '(', '|', 'F6', 'Eb6', '&', 'D6', '|', 'Eb6', 'D6', 'Ab5', 'Ab5', ';', 'Bb5', '(', '|', 'Bb5', 'C6', 'D6', 'Eb6', '(', '|', 'Eb6', '(', '|', 'Eb6', '(']","[2.0, 0.25, 0.5, 0.75, ';', 0.25, 0.25, '|', 2.75, 1.25, '|', 0.25, 1.0, 1.0, 0.5, 0.75, ';', 0.25, 0.25, '|', 2.75, 1.25, '|', 0.25, 1.0, 1.0, 0.5, 0.5, ';', 0.5, 0.25, '|', 0.75, 1.0, 1.0, 0.5, 0.5, 0.25, '|', 1.25, 2.0, 0.75, '|', 2.5, 1.5, '|', 3.5, 0.5, '|', 1.0, 1.0, 0.5, 1.0, ';', 0.5, '|', 2.5, 1.5, '|', 1.0, 1.0, ';', 0.5, 1.0, 0.5, '|', 0.5, 1.5, 0.5, 1.5, '|', 1.0, 1.0, 0.5, 1.0, ';', 0.5, '|', 2.0, 0.5, 1.0, 0.5, '|', 4.0, '|', 4.0]",Eb,Eb
23,Bbmajor,2,Experimental,4,,16,"['Bb', 'F', '|', 'F', '|', 'G-', 'D-', '|', 'D-', '|', 'Eb', 'Bb', '|', 'Bb', '|', 'F', '|', 'F', '|', 'Bb', '|', 'Eb', 'F', '|', 'F', '|', 'Bb', 'Ab', '|', 'G-', '|', 'Eb', 'F', '|', 'F', '|', 'Bb', '|', 'Bb']","['F6', '&', 'D6', 'Eb6', '(', ';', 'Eb6', 'F6', '(', '|', 'F6', 'A6', '(', '|', 'A6', 'Bb6', 'A6', 'G6', 'F6', '(', ';', 'F6', 'F6', '(', '|', 'F6', 'A6', '(', '|', 'A6', 'Bb6', 'A6', 'G6', 'F6', '(', ';', 'F6', 'F6', '(', '|', 'F6', 'F6', 'F6', 'A6', 'Bb6', 'A6', '(', '|', 'A6', 'A6', '&', '|', '&', 'G6', '|', '&', 'F6', '|', 'Eb6', 'Eb6', 'G6', 'Bb6', ';', 'A6', '(', '|', 'A6', 'G6', '|', 'F6', 'F6', ';', 'Bb6', 'C7', 'C7', '(', '|', 'C7', 'Bb6', '&', 'A6', '|', 'Bb6', 'A6', 'Eb6', 'Eb6', ';', 'F6', '(', '|', 'F6', 'G6', 'A6', 'Bb6', '(', '|', 'Bb6', '(', '|', 'Bb6', '(']","[2.0, 0.25, 0.5, 0.75, ';', 0.25, 0.25, '|', 2.75, 1.25, '|', 0.25, 1.0, 1.0, 0.5, 0.75, ';', 0.25, 0.25, '|', 2.75, 1.25, '|', 0.25, 1.0, 1.0, 0.5, 0.5, ';', 0.5, 0.25, '|', 0.75, 1.0, 1.0, 0.5, 0.5, 0.25, '|', 1.25, 2.0, 0.75, '|', 2.5, 1.5, '|', 3.5, 0.5, '|', 1.0, 1.0, 0.5, 1.0, ';', 0.5, '|', 2.5, 1.5, '|', 1.0, 1.0, ';', 0.5, 1.0, 0.5, '|', 0.5, 1.5, 0.5, 1.5, '|', 1.0, 1.0, 0.5, 1.0, ';', 0.5, '|', 2.0, 0.5, 1.0, 0.5, '|', 4.0, '|', 4.0]",Bb,Bb
24,Fmajor,2,Experimental,4,,16,"['F', 'C', '|', 'C', '|', 'D-', 'A-', '|', 'A-', '|', 'Bb', 'F', '|', 'F', '|', 'C', '|', 'C', '|', 'F', '|', 'Bb', 'C', '|', 'C', '|', 'F', 'Eb', '|', 'D-', '|', 'Bb', 'C', '|', 'C', '|', 'F', '|', 'F']","['C6', '&', 'A5', 'Bb5', '(', ';', 'Bb5', 'C6', '(', '|', 'C6', 'E6', '(', '|', 'E6', 'F6', 'E6', 'D6', 'C6', '(', ';', 'C6', 'C6', '(', '|', 'C6', 'E6', '(', '|', 'E6', 'F6', 'E6', 'D6', 'C6', '(', ';', 'C6', 'C6', '(', '|', 'C6', 'C6', 'C6', 'E6', 'F6', 'E6', '(', '|', 'E6', 'E6', '&', '|', '&', 'D6', '|', '&', 'C6', '|', 'Bb5', 'Bb5', 'D6', 'F6', ';', 'E6', '(', '|', 'E6', 'D6', '|', 'C6', 'C6', ';', 'F6', 'G6', 'G6', '(', '|', 'G6', 'F6', '&', 'E6', '|', 'F6', 'E6', 'Bb5', 'Bb5', ';', 'C6', '(', '|', 'C6', 'D6', 'E6', 'F6', '(', '|', 'F6', '(', '|', 'F6', '(']","[2.0, 0.25, 0.5, 0.75, ';', 0.25, 0.25, '|', 2.75, 1.25, '|', 0.25, 1.0, 1.0, 0.5, 0.75, ';', 0.25, 0.25, '|', 2.75, 1.25, '|', 0.25, 1.0, 1.0, 0.5, 0.5, ';', 0.5, 0.25, '|', 0.75, 1.0, 1.0, 0.5, 0.5, 0.25, '|', 1.25, 2.0, 0.75, '|', 2.5, 1.5, '|', 3.5, 0.5, '|', 1.0, 1.0, 0.5, 1.0, ';', 0.5, '|', 2.5, 1.5, '|', 1.0, 1.0, ';', 0.5, 1.0, 0.5, '|', 0.5, 1.5, 0.5, 1.5, '|', 1.0, 1.0, 0.5, 1.0, ';', 0.5, '|', 2.0, 0.5, 1.0, 0.5, '|', 4.0, '|', 4.0]",F,F
25,Cmajor,2,Experimental,4,,16,"['C', 'G', '|', 'G', '|', 'A-', 'E-', '|', 'E-', '|', 'F', 'C', '|', 'C', '|', 'G', '|', 'G', '|', 'C', '|', 'F', 'G', '|', 'G', '|', 'C', 'Bb', '|', 'A-', '|', 'F', 'G', '|', 'G', '|', 'C', '|', 'C']","['G5', '&', 'E5', 'F5', '(', ';', 'F5', 'G5', '(', '|', 'G5', 'B5', '(', '|', 'B5', 'C6', 'B5', 'A5', 'G5', '(', ';', 'G5', 'G5', '(', '|', 'G5', 'B5', '(', '|', 'B5', 'C6', 'B5', 'A5', 'G5', '(', ';', 'G5', 'G5', '(', '|', 'G5', 'G5', 'G5', 'B5', 'C6', 'B5', '(', '|', 'B5', 'B5', '&', '|', '&', 'A5', '|', '&', 'G5', '|', 'F5', 'F5', 'A5', 'C6', ';', 'B5', '(', '|', 'B5', 'A5', '|', 'G5', 'G5', ';', 'C6', 'D6', 'D6', '(', '|', 'D6', 'C6', '&', 'B5', '|', 'C6', 'B5', 'F5', 'F5', ';', 'G5', '(', '|', 'G5', 'A5', 'B5', 'C6', '(', '|', 'C6', '(', '|', 'C6', '(']","[2.0, 0.25, 0.5, 0.75, ';', 0.25, 0.25, '|', 2.75, 1.25, '|', 0.25, 1.0, 1.0, 0.5, 0.75, ';', 0.25, 0.25, '|', 2.75, 1.25, '|', 0.25, 1.0, 1.0, 0.5, 0.5, ';', 0.5, 0.25, '|', 0.75, 1.0, 1.0, 0.5, 0.5, 0.25, '|', 1.25, 2.0, 0.75, '|', 2.5, 1.5, '|', 3.5, 0.5, '|', 1.0, 1.0, 0.5, 1.0, ';', 0.5, '|', 2.5, 1.5, '|', 1.0, 1.0, ';', 0.5, 1.0, 0.5, '|', 0.5, 1.5, 0.5, 1.5, '|', 1.0, 1.0, 0.5, 1.0, ';', 0.5, '|', 2.0, 0.5, 1.0, 0.5, '|', 4.0, '|', 4.0]",C,C
26,Gmajor,2,Experimental,4,,16,"['G', 'D', '|', 'D', '|', 'E-', 'B-', '|', 'B-', '|', 'C', 'G', '|', 'G', '|', 'D', '|', 'D', '|', 'G', '|', 'C', 'D', '|', 'D', '|', 'G', 'F', '|', 'E-', '|', 'C', 'D', '|', 'D', '|', 'G', '|', 'G']","['D6', '&', 'B5', 'C6', '(', ';', 'C6', 'D6', '(', '|', 'D6', 'F#6', '(', '|', 'F#6', 'G6', 'F#6', 'E6', 'D6', '(', ';', 'D6', 'D6', '(', '|', 'D6', 'F#6', '(', '|', 'F#6', 'G6', 'F#6', 'E6', 'D6', '(', ';', 'D6', 'D6', '(', '|', 'D6', 'D6', 'D6', 'F#6', 'G6', 'F#6', '(', '|', 'F#6', 'F#6', '&', '|', '&', 'E6', '|', '&', 'D6', '|', 'C6', 'C6', 'E6', 'G6', ';', 'F#6', '(', '|', 'F#6', 'E6', '|', 'D6', 'D6', ';', 'G6', 'A6', 'A6', '(', '|', 'A6', 'G6', '&', 'F#6', '|', 'G6', 'F#6', 'C6', 'C6', ';', 'D6', '(', '|', 'D6', 'E6', 'F#6', 'G6', '(', '|', 'G6', '(', '|', 'G6', '(']","[2.0, 0.25, 0.5, 0.75, ';', 0.25, 0.25, '|', 2.75, 1.25, '|', 0.25, 1.0, 1.0, 0.5, 0.75, ';', 0.25, 0.25, '|', 2.75, 1.25, '|', 0.25, 1.0, 1.0, 0.5, 0.5, ';', 0.5, 0.25, '|', 0.75, 1.0, 1.0, 0.5, 0.5, 0.25, '|', 1.25, 2.0, 0.75, '|', 2.5, 1.5, '|', 3.5, 0.5, '|', 1.0, 1.0, 0.5, 1.0, ';', 0.5, '|', 2.5, 1.5, '|', 1.0, 1.0, ';', 0.5, 1.0, 0.5, '|', 0.5, 1.5, 0.5, 1.5, '|', 1.0, 1.0, 0.5, 1.0, ';', 0.5, '|', 2.0, 0.5, 1.0, 0.5, '|', 4.0, '|', 4.0]",G,G
27,Dmajor,2,Experimental,4,,16,"['D', 'A', '|', 'A', '|', 'B-', 'F#-', '|', 'F#-', '|', 'G', 'D', '|', 'D', '|', 'A', '|', 'A', '|', 'D', '|', 'G', 'A', '|', 'A', '|', 'D', 'C', '|', 'B-', '|', 'G', 'A', '|', 'A', '|', 'D', '|', 'D']","['A5', '&', 'F#5', 'G5', '(', ';', 'G5', 'A5', '(', '|', 'A5', 'C#6', '(', '|', 'C#6', 'D6', 'C#6', 'B5', 'A5', '(', ';', 'A5', 'A5', '(', '|', 'A5', 'C#6', '(', '|', 'C#6', 'D6', 'C#6', 'B5', 'A5', '(', ';', 'A5', 'A5', '(', '|', 'A5', 'A5', 'A5', 'C#6', 'D6', 'C#6', '(', '|', 'C#6', 'C#6', '&', '|', '&', 'B5', '|', '&', 'A5', '|', 'G5', 'G5', 'B5', 'D6', ';', 'C#6', '(', '|', 'C#6', 'B5', '|', 'A5', 'A5', ';', 'D6', 'E6', 'E6', '(', '|', 'E6', 'D6', '&', 'C#6', '|', 'D6', 'C#6', 'G5', 'G5', ';', 'A5', '(', '|', 'A5', 'B5', 'C#6', 'D6', '(', '|', 'D6', '(', '|', 'D6', '(']","[2.0, 0.25, 0.5, 0.75, ';', 0.25, 0.25, '|', 2.75, 1.25, '|', 0.25, 1.0, 1.0, 0.5, 0.75, ';', 0.25, 0.25, '|', 2.75, 1.25, '|', 0.25, 1.0, 1.0, 0.5, 0.5, ';', 0.5, 0.25, '|', 0.75, 1.0, 1.0, 0.5, 0.5, 0.25, '|', 1.25, 2.0, 0.75, '|', 2.5, 1.5, '|', 3.5, 0.5, '|', 1.0, 1.0, 0.5, 1.0, ';', 0.5, '|', 2.5, 1.5, '|', 1.0, 1.0, ';', 0.5, 1.0, 0.5, '|', 0.5, 1.5, 0.5, 1.5, '|', 1.0, 1.0, 0.5, 1.0, ';', 0.5, '|', 2.0, 0.5, 1.0, 0.5, '|', 4.0, '|', 4.0]",D,D
28,Amajor,2,Experimental,4,,16,"['A', 'E', '|', 'E', '|', 'F#-', 'C#-', '|', 'C#-', '|', 'D', 'A', '|', 'A', '|', 'E', '|', 'E', '|', 'A', '|', 'D', 'E', '|', 'E', '|', 'A', 'G', '|', 'F#-', '|', 'D', 'E', '|', 'E', '|', 'A', '|', 'A']","['E6', '&', 'C#6', 'D6', '(', ';', 'D6', 'E6', '(', '|', 'E6', 'G#6', '(', '|', 'G#6', 'A6', 'G#6', 'F#6', 'E6', '(', ';', 'E6', 'E6', '(', '|', 'E6', 'G#6', '(', '|', 'G#6', 'A6', 'G#6', 'F#6', 'E6', '(', ';', 'E6', 'E6', '(', '|', 'E6', 'E6', 'E6', 'G#6', 'A6', 'G#6', '(', '|', 'G#6', 'G#6', '&', '|', '&', 'F#6', '|', '&', 'E6', '|', 'D6', 'D6', 'F#6', 'A6', ';', 'G#6', '(', '|', 'G#6', 'F#6', '|', 'E6', 'E6', ';', 'A6', 'B6', 'B6', '(', '|', 'B6', 'A6', '&', 'G#6', '|', 'A6', 'G#6', 'D6', 'D6', ';', 'E6', '(', '|', 'E6', 'F#6', 'G#6', 'A6', '(', '|', 'A6', '(', '|', 'A6', '(']","[2.0, 0.25, 0.5, 0.75, ';', 0.25, 0.25, '|', 2.75, 1.25, '|', 0.25, 1.0, 1.0, 0.5, 0.75, ';', 0.25, 0.25, '|', 2.75, 1.25, '|', 0.25, 1.0, 1.0, 0.5, 0.5, ';', 0.5, 0.25, '|', 0.75, 1.0, 1.0, 0.5, 0.5, 0.25, '|', 1.25, 2.0, 0.75, '|', 2.5, 1.5, '|', 3.5, 0.5, '|', 1.0, 1.0, 0.5, 1.0, ';', 0.5, '|', 2.5, 1.5, '|', 1.0, 1.0, ';', 0.5, 1.0, 0.5, '|', 0.5, 1.5, 0.5, 1.5, '|', 1.0, 1.0, 0.5, 1.0, ';', 0.5, '|', 2.0, 0.5, 1.0, 0.5, '|', 4.0, '|', 4.0]",A,A
29,Emajor,2,Experimental,4,,16,"['E', 'B', '|', 'B', '|', 'C#-', 'G#-', '|', 'G#-', '|', 'A', 'E', '|', 'E', '|', 'B', '|', 'B', '|', 'E', '|', 'A', 'B', '|', 'B', '|', 'E', 'D', '|', 'C#-', '|', 'A', 'B', '|', 'B', '|', 'E', '|', 'E']","['B5', '&', 'G#5', 'A5', '(', ';', 'A5', 'B5', '(', '|', 'B5', 'D#6', '(', '|', 'D#6', 'E6', 'D#6', 'C#6', 'B5', '(', ';', 'B5', 'B5', '(', '|', 'B5', 'D#6', '(', '|', 'D#6', 'E6', 'D#6', 'C#6', 'B5', '(', ';', 'B5', 'B5', '(', '|', 'B5', 'B5', 'B5', 'D#6', 'E6', 'D#6', '(', '|', 'D#6', 'D#6', '&', '|', '&', 'C#6', '|', '&', 'B5', '|', 'A5', 'A5', 'C#6', 'E6', ';', 'D#6', '(', '|', 'D#6', 'C#6', '|', 'B5', 'B5', ';', 'E6', 'F#6', 'F#6', '(', '|', 'F#6', 'E6', '&', 'D#6', '|', 'E6', 'D#6', 'A5', 'A5', ';', 'B5', '(', '|', 'B5', 'C#6', 'D#6', 'E6', '(', '|', 'E6', '(', '|', 'E6', '(']","[2.0, 0.25, 0.5, 0.75, ';', 0.25, 0.25, '|', 2.75, 1.25, '|', 0.25, 1.0, 1.0, 0.5, 0.75, ';', 0.25, 0.25, '|', 2.75, 1.25, '|', 0.25, 1.0, 1.0, 0.5, 0.5, ';', 0.5, 0.25, '|', 0.75, 1.0, 1.0, 0.5, 0.5, 0.25, '|', 1.25, 2.0, 0.75, '|', 2.5, 1.5, '|', 3.5, 0.5, '|', 1.0, 1.0, 0.5, 1.0, ';', 0.5, '|', 2.5, 1.5, '|', 1.0, 1.0, ';', 0.5, 1.0, 0.5, '|', 0.5, 1.5, 0.5, 1.5, '|', 1.0, 1.0, 0.5, 1.0, ';', 0.5, '|', 2.0, 0.5, 1.0, 0.5, '|', 4.0, '|', 4.0]",E,E
30,Bmajor,2,Experimental,4,,16,"['B', 'F#', '|', 'F#', '|', 'G#-', 'D#-', '|', 'D#-', '|', 'E', 'B', '|', 'B', '|', 'F#', '|', 'F#', '|', 'B', '|', 'E', 'F#', '|', 'F#', '|', 'B', 'A', '|', 'G#-', '|', 'E', 'F#', '|', 'F#', '|', 'B', '|', 'B']","['F#5', '&', 'D#5', 'E5', '(', ';', 'E5', 'F#5', '(', '|', 'F#5', 'A#5', '(', '|', 'A#5', 'B5', 'A#5', 'G#5', 'F#5', '(', ';', 'F#5', 'F#5', '(', '|', 'F#5', 'A#5', '(', '|', 'A#5', 'B5', 'A#5', 'G#5', 'F#5', '(', ';', 'F#5', 'F#5', '(', '|', 'F#5', 'F#5', 'F#5', 'A#5', 'B5', 'A#5', '(', '|', 'A#5', 'A#5', '&', '|', '&', 'G#5', '|', '&', 'F#5', '|', 'E5', 'E5', 'G#5', 'B5', ';', 'A#5', '(', '|', 'A#5', 'G#5', '|', 'F#5', 'F#5', ';', 'B5', 'C#6', 'C#6', '(', '|', 'C#6', 'B5', '&', 'A#5', '|', 'B5', 'A#5', 'E5', 'E5', ';', 'F#5', '(', '|', 'F#5', 'G#5', 'A#5', 'B5', '(', '|', 'B5', '(', '|', 'B5', '(']","[2.0, 0.25, 0.5, 0.75, ';', 0.25, 0.25, '|', 2.75, 1.25, '|', 0.25, 1.0, 1.0, 0.5, 0.75, ';', 0.25, 0.25, '|', 2.75, 1.25, '|', 0.25, 1.0, 1.0, 0.5, 0.5, ';', 0.5, 0.25, '|', 0.75, 1.0, 1.0, 0.5, 0.5, 0.25, '|', 1.25, 2.0, 0.75, '|', 2.5, 1.5, '|', 3.5, 0.5, '|', 1.0, 1.0, 0.5, 1.0, ';', 0.5, '|', 2.5, 1.5, '|', 1.0, 1.0, ';', 0.5, 1.0, 0.5, '|', 0.5, 1.5, 0.5, 1.5, '|', 1.0, 1.0, 0.5, 1.0, ';', 0.5, '|', 2.0, 0.5, 1.0, 0.5, '|', 4.0, '|', 4.0]",B,B
31,F#major,2,Experimental,4,,16,"['F#', 'C#', '|', 'C#', '|', 'D#-', 'A#-', '|', 'A#-', '|', 'B', 'F#', '|', 'F#', '|', 'C#', '|', 'C#', '|', 'F#', '|', 'B', 'C#', '|', 'C#', '|', 'F#', 'E', '|', 'D#-', '|', 'B', 'C#', '|', 'C#', '|', 'F#', '|', 'F#']","['C#6', '&', 'A#5', 'B5', '(', ';', 'B5', 'C#6', '(', '|', 'C#6', 'E#6', '(', '|', 'E#6', 'F#6', 'E#6', 'D#6', 'C#6', '(', ';', 'C#6', 'C#6', '(', '|', 'C#6', 'E#6', '(', '|', 'E#6', 'F#6', 'E#6', 'D#6', 'C#6', '(', ';', 'C#6', 'C#6', '(', '|', 'C#6', 'C#6', 'C#6', 'E#6', 'F#6', 'E#6', '(', '|', 'E#6', 'E#6', '&', '|', '&', 'D#6', '|', '&', 'C#6', '|', 'B5', 'B5', 'D#6', 'F#6', ';', 'E#6', '(', '|', 'E#6', 'D#6', '|', 'C#6', 'C#6', ';', 'F#6', 'G#6', 'G#6', '(', '|', 'G#6', 'F#6', '&', 'E#6', '|', 'F#6', 'E#6', 'B5', 'B5', ';', 'C#6', '(', '|', 'C#6', 'D#6', 'E#6', 'F#6', '(', '|', 'F#6', '(', '|', 'F#6', '(']","[2.0, 0.25, 0.5, 0.75, ';', 0.25, 0.25, '|', 2.75, 1.25, '|', 0.25, 1.0, 1.0, 0.5, 0.75, ';', 0.25, 0.25, '|', 2.75, 1.25, '|', 0.25, 1.0, 1.0, 0.5, 0.5, ';', 0.5, 0.25, '|', 0.75, 1.0, 1.0, 0.5, 0.5, 0.25, '|', 1.25, 2.0, 0.75, '|', 2.5, 1.5, '|', 3.5, 0.5, '|', 1.0, 1.0, 0.5, 1.0, ';', 0.5, '|', 2.5, 1.5, '|', 1.0, 1.0, ';', 0.5, 1.0, 0.5, '|', 0.5, 1.5, 0.5, 1.5, '|', 1.0, 1.0, 0.5, 1.0, ';', 0.5, '|', 2.0, 0.5, 1.0, 0.5, '|', 4.0, '|', 4.0]",F#,F#
32,C#major,2,Experimental,4,,16,"['C#', 'G#', '|', 'G#', '|', 'A#-', 'E#-', '|', 'E#-', '|', 'F#', 'C#', '|', 'C#', '|', 'G#', '|', 'G#', '|', 'C#', '|', 'F#', 'G#', '|', 'G#', '|', 'C#', 'B', '|', 'A#-', '|', 'F#', 'G#', '|', 'G#', '|', 'C#', '|', 'C#']","['G#5', '&', 'E#5', 'F#5', '(', ';', 'F#5', 'G#5', '(', '|', 'G#5', 'B#6', '(', '|', 'B#6', 'C#6', 'B#6', 'A#5', 'G#5', '(', ';', 'G#5', 'G#5', '(', '|', 'G#5', 'B#6', '(', '|', 'B#6', 'C#6', 'B#6', 'A#5', 'G#5', '(', ';', 'G#5', 'G#5', '(', '|', 'G#5', 'G#5', 'G#5', 'B#6', 'C#6', 'B#6', '(', '|', 'B#6', 'B#6', '&', '|', '&', 'A#5', '|', '&', 'G#5', '|', 'F#5', 'F#5', 'A#5', 'C#6', ';', 'B#6', '(', '|', 'B#6', 'A#5', '|', 'G#5', 'G#5', ';', 'C#6', 'D#6', 'D#6', '(', '|', 'D#6', 'C#6', '&', 'B#6', '|', 'C#6', 'B#6', 'F#5', 'F#5', ';', 'G#5', '(', '|', 'G#5', 'A#5', 'B#6', 'C#6', '(', '|', 'C#6', '(', '|', 'C#6', '(']","[2.0, 0.25, 0.5, 0.75, ';', 0.25, 0.25, '|', 2.75, 1.25, '|', 0.25, 1.0, 1.0, 0.5, 0.75, ';', 0.25, 0.25, '|', 2.75, 1.25, '|', 0.25, 1.0, 1.0, 0.5, 0.5, ';', 0.5, 0.25, '|', 0.75, 1.0, 1.0, 0.5, 0.5, 0.25, '|', 1.25, 2.0, 0.75, '|', 2.5, 1.5, '|', 3.5, 0.5, '|', 1.0, 1.0, 0.5, 1.0, ';', 0.5, '|', 2.5, 1.5, '|', 1.0, 1.0, ';', 0.5, 1.0, 0.5, '|', 0.5, 1.5, 0.5, 1.5, '|', 1.0, 1.0, 0.5, 1.0, ';', 0.5, '|', 2.0, 0.5, 1.0, 0.5, '|', 4.0, '|', 4.0]",C#,C#
33,G#major,2,Experimental,4,,16,"['G#', 'D#', '|', 'D#', '|', 'E#-', 'B#-', '|', 'B#-', '|', 'C#', 'G#', '|', 'G#', '|', 'D#', '|', 'D#', '|', 'G#', '|', 'C#', 'D#', '|', 'D#', '|', 'G#', 'F#', '|', 'E#-', '|', 'C#', 'D#', '|', 'D#', '|', 'G#', '|', 'G#']","['D#6', '&', 'B#6', 'C#6', '(', ';', 'C#6', 'D#6', '(', '|', 'D#6', 'F*6', '(', '|', 'F*6', 'G#6', 'F*6', 'E#6', 'D#6', '(', ';', 'D#6', 'D#6', '(', '|', 'D#6', 'F*6', '(', '|', 'F*6', 'G#6', 'F*6', 'E#6', 'D#6', '(', ';', 'D#6', 'D#6', '(', '|', 'D#6', 'D#6', 'D#6', 'F*6', 'G#6', 'F*6', '(', '|', 'F*6', 'F*6', '&', '|', '&', 'E#6', '|', '&', 'D#6', '|', 'C#6', 'C#6', 'E#6', 'G#6', ';', 'F*6', '(', '|', 'F*6', 'E#6', '|', 'D#6', 'D#6', ';', 'G#6', 'A#6', 'A#6', '(', '|', 'A#6', 'G#6', '&', 'F*6', '|', 'G#6', 'F*6', 'C#6', 'C#6', ';', 'D#6', '(', '|', 'D#6', 'E#6', 'F*6', 'G#6', '(', '|', 'G#6', '(', '|', 'G#6', '(']","[2.0, 0.25, 0.5, 0.75, ';', 0.25, 0.25, '|', 2.75, 1.25, '|', 0.25, 1.0, 1.0, 0.5, 0.75, ';', 0.25, 0.25, '|', 2.75, 1.25, '|', 0.25, 1.0, 1.0, 0.5, 0.5, ';', 0.5, 0.25, '|', 0.75, 1.0, 1.0, 0.5, 0.5, 0.25, '|', 1.25, 2.0, 0.75, '|', 2.5, 1.5, '|', 3.5, 0.5, '|', 1.0, 1.0, 0.5, 1.0, ';', 0.5, '|', 2.5, 1.5, '|', 1.0, 1.0, ';', 0.5, 1.0, 0.5, '|', 0.5, 1.5, 0.5, 1.5, '|', 1.0, 1.0, 0.5, 1.0, ';', 0.5, '|', 2.0, 0.5, 1.0, 0.5, '|', 4.0, '|', 4.0]",G#,G#
34,Fbmajor,2,,4,,16,"['REST', '|', 'REST', '|', 'REST', '|', 'REST', '|', 'REST', '|', 'REST', '|', 'REST', '|', 'REST', '|', 'REST', '|', 'REST', '|', 'REST', '|', 'REST', '|', 'REST', '|', 'REST', '|', 'REST', '|', 'REST', '|', 'REST']","['&', '|', '&', '|', '&', '|', '&', '|', '&', '|', '&', '|', '&', '|', '&', '|', '&', '|', '&', '|', '&', '|', '&', '|', '&', '|', '&', '|', '&', '|', '&', '|', '&']","[4.0, '|', 4.0, '|', 4.0, '|', 4.0, '|', 4.0, '|', 4.0, '|', 4.0, '|', 4.0, '|', 4.0, '|', 4.0, '|', 4.0, '|', 4.0, '|', 4.0, '|', 4.0, '|', 4.0, '|', 4.0, '|', 4.0]",REST,REST
35,Cbmajor,2,,4,,16,"['REST', '|', 'REST', '|', 'REST', '|', 'REST', '|', 'REST', '|', 'REST', '|', 'REST', '|', 'REST', '|', 'REST', '|', 'REST', '|', 'REST', '|', 'REST', '|', 'REST', '|', 'REST', '|', 'REST', '|', 'REST', '|', 'REST']","['&', '|', '&', '|', '&', '|', '&', '|', '&', '|', '&', '|', '&', '|', '&', '|', '&', '|', '&', '|', '&', '|', '&', '|', '&', '|', '&', '|', '&', '|', '&', '|', '&']","[4.0, '|', 4.0, '|', 4.0, '|', 4.0, '|', 4.0, '|', 4.0, '|', 4.0, '|', 4.0, '|', 4.0, '|', 4.0, '|', 4.0, '|', 4.0, '|', 4.0, '|', 4.0, '|', 4.0, '|', 4.0, '|', 4.0]",REST,REST
36,Gbmajor,2,,4,,16,"['REST', '|', 'REST', '|', 'REST', '|', 'REST', '|', 'REST', '|', 'REST', '|', 'REST', '|', 'REST', '|', 'REST', '|', 'REST', '|', 'REST', '|', 'REST', '|', 'REST', '|', 'REST', '|', 'REST', '|', 'REST', '|', 'REST']","['&', '|', '&', '|', '&', '|', '&', '|', '&', '|', '&', '|', '&', '|', '&', '|', '&', '|', '&', '|', '&', '|', '&', '|', '&', '|', '&', '|', '&', '|', '&', '|', '&']","[4.0, '|', 4.0, '|', 4.0, '|', 4.0, '|', 4.0, '|', 4.0, '|', 4.0, '|', 4.0, '|', 4.0, '|', 4.0, '|', 4.0, '|', 4.0, '|', 4.0, '|', 4.0, '|', 4.0, '|', 4.0, '|', 4.0]",REST,REST
37,Dbmajor,2,,4,,16,"['REST', '|', 'REST', '|', 'REST', '|', 'REST', '|', 'REST', '|', 'REST', '|', 'REST', '|', 'REST', '|', 'REST', '|', 'REST', '|', 'REST', '|', 'REST', '|', 'REST', '|', 'REST', '|', 'REST', '|', 'REST', '|', 'REST']","['&', '|', '&', '|', '&', '|', '&', '|', '&', '|', '&', '|', '&', '|', '&', '|', '&', '|', '&', '|', '&', '|', '&', '|', '&', '|', '&', '|', '&', '|', '&', '|', '&']","[4.0, '|', 4.0, '|', 4.0, '|', 4.0, '|', 4.0, '|', 4.0, '|', 4.0, '|', 4.0, '|', 4.0, '|', 4.0, '|', 4.0, '|', 4.0, '|', 4.0, '|', 4.0, '|', 4.0, '|', 4.0, '|', 4.0]",REST,REST
38,Abmajor,2,,4,,16,"['REST', '|', 'REST', '|', 'REST', '|', 'REST', '|', 'REST', '|', 'REST', '|', 'REST', '|', 'REST', '|', 'REST', '|', 'REST', '|', 'REST', '|', 'REST', '|', 'REST', '|', 'REST', '|', 'REST', '|', 'REST', '|', 'REST']","['&', '|', '&', '|', '&', '|', '&', '|', '&', '|', '&', '|', '&', '|', '&', '|', '&', '|', '&', '|', '&', '|', '&', '|', '&', '|', '&', '|', '&', '|', '&', '|', '&']","[4.0, '|', 4.0, '|', 4.0, '|', 4.0, '|', 4.0, '|', 4.0, '|', 4.0, '|', 4.0, '|', 4.0, '|', 4.0, '|', 4.0, '|', 4.0, '|', 4.0, '|', 4.0, '|', 4.0, '|', 4.0, '|', 4.0]",REST,REST
39,Ebmajor,2,,4,,16,"['REST', '|', 'REST', '|', 'REST', '|', 'REST', '|', 'REST', '|', 'REST', '|', 'REST', '|', 'REST', '|', 'REST', '|', 'REST', '|', 'REST', '|', 'REST', '|', 'REST', '|', 'REST', '|', 'REST', '|', 'REST', '|', 'REST']","['&', '|', '&', '|', '&', '|', '&', '|', '&', '|', '&', '|', '&', '|', '&', '|', '&', '|', '&', '|', '&', '|', '&', '|', '&', '|', '&', '|', '&', '|', '&', '|', '&']","[4.0, '|', 4.0, '|', 4.0, '|', 4.0, '|', 4.0, '|', 4.0, '|', 4.0, '|', 4.0, '|', 4.0, '|', 4.0, '|', 4.0, '|', 4.0, '|', 4.0, '|', 4.0, '|', 4.0, '|', 4.0, '|', 4.0]",REST,REST
40,Bbmajor,2,,4,,16,"['REST', '|', 'REST', '|', 'REST', '|', 'REST', '|', 'REST', '|', 'REST', '|', 'REST', '|', 'REST', '|', 'REST', '|', 'REST', '|', 'REST', '|', 'REST', '|', 'REST', '|', 'REST', '|', 'REST', '|', 'REST', '|', 'REST']","['&', '|', '&', '|', '&', '|', '&', '|', '&', '|', '&', '|', '&', '|', '&', '|', '&', '|', '&', '|', '&', '|', '&', '|', '&', '|', '&', '|', '&', '|', '&', '|', '&']","[4.0, '|', 4.0, '|', 4.0, '|', 4.0, '|', 4.0, '|', 4.0, '|', 4.0, '|', 4.0, '|', 4.0, '|', 4.0, '|', 4.0, '|', 4.0, '|', 4.0, '|', 4.0, '|', 4.0, '|', 4.0, '|', 4.0]",REST,REST
41,Fmajor,2,,4,,16,"['REST', '|', 'REST', '|', 'REST', '|', 'REST', '|', 'REST', '|', 'REST', '|', 'REST', '|', 'REST', '|', 'REST', '|', 'REST', '|', 'REST', '|', 'REST', '|', 'REST', '|', 'REST', '|', 'REST', '|', 'REST', '|', 'REST']","['&', '|', '&', '|', '&', '|', '&', '|', '&', '|', '&', '|', '&', '|', '&', '|', '&', '|', '&', '|', '&', '|', '&', '|', '&', '|', '&', '|', '&', '|', '&', '|', '&']","[4.0, '|', 4.0, '|', 4.0, '|', 4.0, '|', 4.0, '|', 4.0, '|', 4.0, '|', 4.0, '|', 4.0, '|', 4.0, '|', 4.0, '|', 4.0, '|', 4.0, '|', 4.0, '|', 4.0, '|', 4.0, '|', 4.0]",REST,REST
42,Cmajor,2,,4,,16,"['REST', '|', 'REST', '|', 'REST', '|', 'REST', '|', 'REST', '|', 'REST', '|', 'REST', '|', 'REST', '|', 'REST', '|', 'REST', '|', 'REST', '|', 'REST', '|', 'REST', '|', 'REST', '|', 'REST', '|', 'REST', '|', 'REST']","['&', '|', '&', '|', '&', '|', '&', '|', '&', '|', '&', '|', '&', '|', '&', '|', '&', '|', '&', '|', '&', '|', '&', '|', '&', '|', '&', '|', '&', '|', '&', '|', '&']","[4.0, '|', 4.0, '|', 4.0, '|', 4.0, '|', 4.0, '|', 4.0, '|', 4.0, '|', 4.0, '|', 4.0, '|', 4.0, '|', 4.0, '|', 4.0, '|', 4.0, '|', 4.0, '|', 4.0, '|', 4.0, '|', 4.0]",REST,REST
43,Gmajor,2,,4,,16,"['REST', '|', 'REST', '|', 'REST', '|', 'REST', '|', 'REST', '|', 'REST', '|', 'REST', '|', 'REST', '|', 'REST', '|', 'REST', '|', 'REST', '|', 'REST', '|', 'REST', '|', 'REST', '|', 'REST', '|', 'REST', '|', 'REST']","['&', '|', '&', '|', '&', '|', '&', '|', '&', '|', '&', '|', '&', '|', '&', '|', '&', '|', '&', '|', '&', '|', '&', '|', '&', '|', '&', '|', '&', '|', '&', '|', '&']","[4.0, '|', 4.0, '|', 4.0, '|', 4.0, '|', 4.0, '|', 4.0, '|', 4.0, '|', 4.0, '|', 4.0, '|', 4.0, '|', 4.0, '|', 4.0, '|', 4.0, '|', 4.0, '|', 4.0, '|', 4.0, '|', 4.0]",REST,REST
44,Dmajor,2,,4,,16,"['REST', '|', 'REST', '|', 'REST', '|', 'REST', '|', 'REST', '|', 'REST', '|', 'REST', '|', 'REST', '|', 'REST', '|', 'REST', '|', 'REST', '|', 'REST', '|', 'REST', '|', 'REST', '|', 'REST', '|', 'REST', '|', 'REST']","['&', '|', '&', '|', '&', '|', '&', '|', '&', '|', '&', '|', '&', '|', '&', '|', '&', '|', '&', '|', '&', '|', '&', '|', '&', '|', '&', '|', '&', '|', '&', '|', '&']","[4.0, '|', 4.0, '|', 4.0, '|', 4.0, '|', 4.0, '|', 4.0, '|', 4.0, '|', 4.0, '|', 4.0, '|', 4.0, '|', 4.0, '|', 4.0, '|', 4.0, '|', 4.0, '|', 4.0, '|', 4.0, '|', 4.0]",REST,REST
45,Amajor,2,,4,,16,"['REST', '|', 'REST', '|', 'REST', '|', 'REST', '|', 'REST', '|', 'REST', '|', 'REST', '|', 'REST', '|', 'REST', '|', 'REST', '|', 'REST', '|', 'REST', '|', 'REST', '|', 'REST', '|', 'REST', '|', 'REST', '|', 'REST']","['&', '|', '&', '|', '&', '|', '&', '|', '&', '|', '&', '|', '&', '|', '&', '|', '&', '|', '&', '|', '&', '|', '&', '|', '&', '|', '&', '|', '&', '|', '&', '|', '&']","[4.0, '|', 4.0, '|', 4.0, '|', 4.0, '|', 4.0, '|', 4.0, '|', 4.0, '|', 4.0, '|', 4.0, '|', 4.0, '|', 4.0, '|', 4.0, '|', 4.0, '|', 4.0, '|', 4.0, '|', 4.0, '|', 4.0]",REST,REST
46,Emajor,2,,4,,16,"['REST', '|', 'REST', '|', 'REST', '|', 'REST', '|', 'REST', '|', 'REST', '|', 'REST', '|', 'REST', '|', 'REST', '|', 'REST', '|', 'REST', '|', 'REST', '|', 'REST', '|', 'REST', '|', 'REST', '|', 'REST', '|', 'REST']","['&', '|', '&', '|', '&', '|', '&', '|', '&', '|', '&', '|', '&', '|', '&', '|', '&', '|', '&', '|', '&', '|', '&', '|', '&', '|', '&', '|', '&', '|', '&', '|', '&']","[4.0, '|', 4.0, '|', 4.0, '|', 4.0, '|', 4.0, '|', 4.0, '|', 4.0, '|', 4.0, '|', 4.0, '|', 4.0, '|', 4.0, '|', 4.0, '|', 4.0, '|', 4.0, '|', 4.0, '|', 4.0, '|', 4.0]",REST,REST
47,Bmajor,2,,4,,16,"['REST', '|', 'REST', '|', 'REST', '|', 'REST', '|', 'REST', '|', 'REST', '|', 'REST', '|', 'REST', '|', 'REST', '|', 'REST', '|', 'REST', '|', 'REST', '|', 'REST', '|', 'REST', '|', 'REST', '|', 'REST', '|', 'REST']","['&', '|', '&', '|', '&', '|', '&', '|', '&', '|', '&', '|', '&', '|', '&', '|', '&', '|', '&', '|', '&', '|', '&', '|', '&', '|', '&', '|', '&', '|', '&', '|', '&']","[4.0, '|', 4.0, '|', 4.0, '|', 4.0, '|', 4.0, '|', 4.0, '|', 4.0, '|', 4.0, '|', 4.0, '|', 4.0, '|', 4.0, '|', 4.0, '|', 4.0, '|', 4.0, '|', 4.0, '|', 4.0, '|', 4.0]",REST,REST
48,F#major,2,,4,,16,"['REST', '|', 'REST', '|', 'REST', '|', 'REST', '|', 'REST', '|', 'REST', '|', 'REST', '|', 'REST', '|', 'REST', '|', 'REST', '|', 'REST', '|', 'REST', '|', 'REST', '|', 'REST', '|', 'REST', '|', 'REST', '|', 'REST']","['&', '|', '&', '|', '&', '|', '&', '|', '&', '|', '&', '|', '&', '|', '&', '|', '&', '|', '&', '|', '&', '|', '&', '|', '&', '|', '&', '|', '&', '|', '&', '|', '&']","[4.0, '|', 4.0, '|', 4.0, '|', 4.0, '|', 4.0, '|', 4.0, '|', 4.0, '|', 4.0, '|', 4.0, '|', 4.0, '|', 4.0, '|', 4.0, '|', 4.0, '|', 4.0, '|', 4.0, '|', 4.0, '|', 4.0]",REST,REST
49,C#major,2,,4,,16,"['REST', '|', 'REST', '|', 'REST', '|', 'REST', '|', 'REST', '|', 'REST', '|', 'REST', '|', 'REST', '|', 'REST', '|', 'REST', '|', 'REST', '|', 'REST', '|', 'REST', '|', 'REST', '|', 'REST', '|', 'REST', '|', 'REST']","['&', '|', '&', '|', '&', '|', '&', '|', '&', '|', '&', '|', '&', '|', '&', '|', '&', '|', '&', '|', '&', '|', '&', '|', '&', '|', '&', '|', '&', '|', '&', '|', '&']","[4.0, '|', 4.0, '|', 4.0, '|', 4.0, '|', 4.0, '|', 4.0, '|', 4.0, '|', 4.0, '|', 4.0, '|', 4.0, '|', 4.0, '|', 4.0, '|', 4.0, '|', 4.0, '|', 4.0, '|', 4.0, '|', 4.0]",REST,REST
50,G#major,2,,4,,16,"['REST', '|', 'REST', '|', 'REST', '|', 'REST', '|', 'REST', '|', 'REST', '|', 'REST', '|', 'REST', '|', 'REST', '|', 'REST', '|', 'REST', '|', 'REST', '|', 'REST', '|', 'REST', '|', 'REST', '|', 'REST', '|', 'REST']","['&', '|', '&', '|', '&', '|', '&', '|', '&', '|', '&', '|', '&', '|', '&', '|', '&', '|', '&', '|', '&', '|', '&', '|', '&', '|', '&', '|', '&', '|', '&', '|', '&']","[4.0, '|', 4.0, '|', 4.0, '|', 4.0, '|', 4.0, '|', 4.0, '|', 4.0, '|', 4.0, '|', 4.0, '|', 4.0, '|', 4.0, '|', 4.0, '|', 4.0, '|', 4.0, '|', 4.0, '|', 4.0, '|', 4.0]",REST,REST
51,Fbmajor,1,,4,,15,"['Fb', '|', 'Cb', '|', 'Gb-', '|', 'Bbb', '|', 'Fb', '|', 'Cb', '|', 'Gb-', '|', 'Bbb', '|', 'Fb', '|', 'Cb', '|', 'Gb-', '|', 'Bbb', '|', 'Fb', '|', 'Cb', '|', 'Gb-', '|', 'Bbb']","['Ab4', 'Gb4', 'Fb4', 'Fb4', 'Fb4', 'Cb3', 'Fb4', '(', '|', 'Fb4', 'Gb4', 'Gb4', 'Gb4', 'Bbb4', 'Bbb4', 'Bbb4', '|', 'Bbb4', 'Ab4', 'Ab4', 'Gb4', 'Gb4', 'Db4', 'Db4', 'Bbb4', '(', '|', 'Bbb4', 'Ab4', 'Ab4', 'Gb4', 'Gb4', 'Bbb4', 'Bbb4', 'Ab4', '|', 'Ab4', 'Gb4', 'Gb4', 'Fb4', 'Fb4', 'Db4', 'Cb3', 'Fb4', '(', '|', 'Fb4', 'Gb4', 'Gb4', 'Gb4', 'Fb5', 'Fb5', 'Db5', '|', 'Fb5', 'Db5', 'Cb4', 'Cb4', 'Db5', 'Gb4', '(', '|', 'Gb4', 'Fb4', '&', 'Bbb4', 'Bbb4', 'Bbb4', '|', 'Bbb4', 'Ab4', 'Gb4', 'Gb4', 'Fb4', 'Fb4', 'Fb4', 'Cb3', '|', 'Fb4', 'Gb4', 'Gb4', 'Bbb4', 'Bbb4', 'Bbb4', '|', 'Bbb4', 'Ab4', 'Ab4', 'Ab4', 'Ab4', 'Bbb4', 'Bbb4', 'Bbb4', '|', 'Bbb4', 'Ab4', 'Fb4', 'Gb4', 'Bbb4', 'Bbb4', 'Bbb4', '|', 'Bbb4', 'Ab4', 'Gb4', 'Fb4', 'Fb4', 'Fb4', 'Fb4', 'Cb3', '|', 'Fb4', 'Gb4', 'Gb4', 'Gb4', 'Fb5', 'Fb5', 'Db5', '|', 'Fb5', 'Db5', 'Cb4', 'Cb4', 'Db5', 'Gb4', '(', '|', 'Gb4', 'Fb4', '&']","[0.5, 0.5, 0.5, 1.0, 0.5, 0.5, 0.5, '|', 0.5, 0.5, 0.5, 1.0, 0.5, 0.5, 0.5, '|', 0.5, 0.5, 0.5, 0.5, 0.5, 0.5, 0.5, 0.5, '|', 0.5, 0.5, 0.5, 0.5, 0.5, 0.5, 0.5, 0.5, '|', 0.5, 0.5, 0.5, 0.5, 0.5, 0.5, 0.5, 0.5, '|', 0.5, 0.5, 0.5, 1.0, 0.5, 0.5, 0.5, '|', 0.5, 0.5, 0.5, 1.0, 1.0, 0.5, '|', 0.5, 1.5, 0.5, 0.5, 0.5, 0.5, '|', 0.5, 0.5, 0.5, 0.5, 0.5, 0.5, 0.5, 0.5, '|', 0.5, 1.0, 1.0, 0.5, 0.5, 0.5, '|', 0.5, 0.5, 0.5, 0.5, 0.5, 0.5, 0.5, 0.5, '|', 0.5, 0.5, 0.5, 1.0, 0.5, 0.5, 0.5, '|', 0.5, 0.5, 0.5, 0.5, 0.5, 0.5, 0.5, 0.5, '|', 0.5, 0.5, 0.5, 1.0, 0.5, 0.5, 0.5, '|', 0.5, 0.5, 0.5, 1.0, 1.0, 0.5, '|', 0.5, 1.5, 2.0]",Fb,Bbb
52,Cbmajor,1,,4,,15,"['Cb', '|', 'Gb', '|', 'Db-', '|', 'Fb', '|', 'Cb', '|', 'Gb', '|', 'Db-', '|', 'Fb', '|', 'Cb', '|', 'Gb', '|', 'Db-', '|', 'Fb', '|', 'Cb', '|', 'Gb', '|', 'Db-', '|', 'Fb']","['Eb5', 'Db5', 'Cb4', 'Cb4', 'Cb4', 'Gb4', 'Cb4', '(', '|', 'Cb4', 'Db5', 'Db5', 'Db5', 'Fb5', 'Fb5', 'Fb5', '|', 'Fb5', 'Eb5', 'Eb5', 'Db5', 'Db5', 'Ab4', 'Ab4', 'Fb5', '(', '|', 'Fb5', 'Eb5', 'Eb5', 'Db5', 'Db5', 'Fb5', 'Fb5', 'Eb5', '|', 'Eb5', 'Db5', 'Db5', 'Cb4', 'Cb4', 'Ab4', 'Gb4', 'Cb4', '(', '|', 'Cb4', 'Db5', 'Db5', 'Db5', 'Cb5', 'Cb5', 'Ab5', '|', 'Cb5', 'Ab5', 'Gb5', 'Gb5', 'Ab5', 'Db5', '(', '|', 'Db5', 'Cb4', '&', 'Fb5', 'Fb5', 'Fb5', '|', 'Fb5', 'Eb5', 'Db5', 'Db5', 'Cb4', 'Cb4', 'Cb4', 'Gb4', '|', 'Cb4', 'Db5', 'Db5', 'Fb5', 'Fb5', 'Fb5', '|', 'Fb5', 'Eb5', 'Eb5', 'Eb5', 'Eb5', 'Fb5', 'Fb5', 'Fb5', '|', 'Fb5', 'Eb5', 'Cb4', 'Db5', 'Fb5', 'Fb5', 'Fb5', '|', 'Fb5', 'Eb5', 'Db5', 'Cb4', 'Cb4', 'Cb4', 'Cb4', 'Gb4', '|', 'Cb4', 'Db5', 'Db5', 'Db5', 'Cb5', 'Cb5', 'Ab5', '|', 'Cb5', 'Ab5', 'Gb5', 'Gb5', 'Ab5', 'Db5', '(', '|', 'Db5', 'Cb4', '&']","[0.5, 0.5, 0.5, 1.0, 0.5, 0.5, 0.5, '|', 0.5, 0.5, 0.5, 1.0, 0.5, 0.5, 0.5, '|', 0.5, 0.5, 0.5, 0.5, 0.5, 0.5, 0.5, 0.5, '|', 0.5, 0.5, 0.5, 0.5, 0.5, 0.5, 0.5, 0.5, '|', 0.5, 0.5, 0.5, 0.5, 0.5, 0.5, 0.5, 0.5, '|', 0.5, 0.5, 0.5, 1.0, 0.5, 0.5, 0.5, '|', 0.5, 0.5, 0.5, 1.0, 1.0, 0.5, '|', 0.5, 1.5, 0.5, 0.5, 0.5, 0.5, '|', 0.5, 0.5, 0.5, 0.5, 0.5, 0.5, 0.5, 0.5, '|', 0.5, 1.0, 1.0, 0.5, 0.5, 0.5, '|', 0.5, 0.5, 0.5, 0.5, 0.5, 0.5, 0.5, 0.5, '|', 0.5, 0.5, 0.5, 1.0, 0.5, 0.5, 0.5, '|', 0.5, 0.5, 0.5, 0.5, 0.5, 0.5, 0.5, 0.5, '|', 0.5, 0.5, 0.5, 1.0, 0.5, 0.5, 0.5, '|', 0.5, 0.5, 0.5, 1.0, 1.0, 0.5, '|', 0.5, 1.5, 2.0]",Cb,Fb
53,Gbmajor,1,,4,,15,"['Gb', '|', 'Db', '|', 'Ab-', '|', 'Cb', '|', 'Gb', '|', 'Db', '|', 'Ab-', '|', 'Cb', '|', 'Gb', '|', 'Db', '|', 'Ab-', '|', 'Cb', '|', 'Gb', '|', 'Db', '|', 'Ab-', '|', 'Cb']","['Bb4', 'Ab4', 'Gb4', 'Gb4', 'Gb4', 'Db4', 'Gb4', '(', '|', 'Gb4', 'Ab4', 'Ab4', 'Ab4', 'Cb4', 'Cb4', 'Cb4', '|', 'Cb4', 'Bb4', 'Bb4', 'Ab4', 'Ab4', 'Eb4', 'Eb4', 'Cb4', '(', '|', 'Cb4', 'Bb4', 'Bb4', 'Ab4', 'Ab4', 'Cb4', 'Cb4', 'Bb4', '|', 'Bb4', 'Ab4', 'Ab4', 'Gb4', 'Gb4', 'Eb4', 'Db4', 'Gb4', '(', '|', 'Gb4', 'Ab4', 'Ab4', 'Ab4', 'Gb5', 'Gb5', 'Eb5', '|', 'Gb5', 'Eb5', 'Db5', 'Db5', 'Eb5', 'Ab4', '(', '|', 'Ab4', 'Gb4', '&', 'Cb4', 'Cb4', 'Cb4', '|', 'Cb4', 'Bb4', 'Ab4', 'Ab4', 'Gb4', 'Gb4', 'Gb4', 'Db4', '|', 'Gb4', 'Ab4', 'Ab4', 'Cb4', 'Cb4', 'Cb4', '|', 'Cb4', 'Bb4', 'Bb4', 'Bb4', 'Bb4', 'Cb4', 'Cb4', 'Cb4', '|', 'Cb4', 'Bb4', 'Gb4', 'Ab4', 'Cb4', 'Cb4', 'Cb4', '|', 'Cb4', 'Bb4', 'Ab4', 'Gb4', 'Gb4', 'Gb4', 'Gb4', 'Db4', '|', 'Gb4', 'Ab4', 'Ab4', 'Ab4', 'Gb5', 'Gb5', 'Eb5', '|', 'Gb5', 'Eb5', 'Db5', 'Db5', 'Eb5', 'Ab4', '(', '|', 'Ab4', 'Gb4', '&']","[0.5, 0.5, 0.5, 1.0, 0.5, 0.5, 0.5, '|', 0.5, 0.5, 0.5, 1.0, 0.5, 0.5, 0.5, '|', 0.5, 0.5, 0.5, 0.5, 0.5, 0.5, 0.5, 0.5, '|', 0.5, 0.5, 0.5, 0.5, 0.5, 0.5, 0.5, 0.5, '|', 0.5, 0.5, 0.5, 0.5, 0.5, 0.5, 0.5, 0.5, '|', 0.5, 0.5, 0.5, 1.0, 0.5, 0.5, 0.5, '|', 0.5, 0.5, 0.5, 1.0, 1.0, 0.5, '|', 0.5, 1.5, 0.5, 0.5, 0.5, 0.5, '|', 0.5, 0.5, 0.5, 0.5, 0.5, 0.5, 0.5, 0.5, '|', 0.5, 1.0, 1.0, 0.5, 0.5, 0.5, '|', 0.5, 0.5, 0.5, 0.5, 0.5, 0.5, 0.5, 0.5, '|', 0.5, 0.5, 0.5, 1.0, 0.5, 0.5, 0.5, '|', 0.5, 0.5, 0.5, 0.5, 0.5, 0.5, 0.5, 0.5, '|', 0.5, 0.5, 0.5, 1.0, 0.5, 0.5, 0.5, '|', 0.5, 0.5, 0.5, 1.0, 1.0, 0.5, '|', 0.5, 1.5, 2.0]",Gb,Cb
54,Dbmajor,1,,4,,15,"['Db', '|', 'Ab', '|', 'Eb-', '|', 'Gb', '|', 'Db', '|', 'Ab', '|', 'Eb-', '|', 'Gb', '|', 'Db', '|', 'Ab', '|', 'Eb-', '|', 'Gb', '|', 'Db', '|', 'Ab', '|', 'Eb-', '|', 'Gb']","['F4', 'Eb4', 'Db4', 'Db4', 'Db4', 'Ab3', 'Db4', '(', '|', 'Db4', 'Eb4', 'Eb4', 'Eb4', 'Gb4', 'Gb4', 'Gb4', '|', 'Gb4', 'F4', 'F4', 'Eb4', 'Eb4', 'Bb3', 'Bb3', 'Gb4', '(', '|', 'Gb4', 'F4', 'F4', 'Eb4', 'Eb4', 'Gb4', 'Gb4', 'F4', '|', 'F4', 'Eb4', 'Eb4', 'Db4', 'Db4', 'Bb3', 'Ab3', 'Db4', '(', '|', 'Db4', 'Eb4', 'Eb4', 'Eb4', 'Db5', 'Db5', 'Bb4', '|', 'Db5', 'Bb4', 'Ab4', 'Ab4', 'Bb4', 'Eb4', '(', '|', 'Eb4', 'Db4', '&', 'Gb4', 'Gb4', 'Gb4', '|', 'Gb4', 'F4', 'Eb4', 'Eb4', 'Db4', 'Db4', 'Db4', 'Ab3', '|', 'Db4', 'Eb4', 'Eb4', 'Gb4', 'Gb4', 'Gb4', '|', 'Gb4', 'F4', 'F4', 'F4', 'F4', 'Gb4', 'Gb4', 'Gb4', '|', 'Gb4', 'F4', 'Db4', 'Eb4', 'Gb4', 'Gb4', 'Gb4', '|', 'Gb4', 'F4', 'Eb4', 'Db4', 'Db4', 'Db4', 'Db4', 'Ab3', '|', 'Db4', 'Eb4', 'Eb4', 'Eb4', 'Db5', 'Db5', 'Bb4', '|', 'Db5', 'Bb4', 'Ab4', 'Ab4', 'Bb4', 'Eb4', '(', '|', 'Eb4', 'Db4', '&']","[0.5, 0.5, 0.5, 1.0, 0.5, 0.5, 0.5, '|', 0.5, 0.5, 0.5, 1.0, 0.5, 0.5, 0.5, '|', 0.5, 0.5, 0.5, 0.5, 0.5, 0.5, 0.5, 0.5, '|', 0.5, 0.5, 0.5, 0.5, 0.5, 0.5, 0.5, 0.5, '|', 0.5, 0.5, 0.5, 0.5, 0.5, 0.5, 0.5, 0.5, '|', 0.5, 0.5, 0.5, 1.0, 0.5, 0.5, 0.5, '|', 0.5, 0.5, 0.5, 1.0, 1.0, 0.5, '|', 0.5, 1.5, 0.5, 0.5, 0.5, 0.5, '|', 0.5, 0.5, 0.5, 0.5, 0.5, 0.5, 0.5, 0.5, '|', 0.5, 1.0, 1.0, 0.5, 0.5, 0.5, '|', 0.5, 0.5, 0.5, 0.5, 0.5, 0.5, 0.5, 0.5, '|', 0.5, 0.5, 0.5, 1.0, 0.5, 0.5, 0.5, '|', 0.5, 0.5, 0.5, 0.5, 0.5, 0.5, 0.5, 0.5, '|', 0.5, 0.5, 0.5, 1.0, 0.5, 0.5, 0.5, '|', 0.5, 0.5, 0.5, 1.0, 1.0, 0.5, '|', 0.5, 1.5, 2.0]",Db,Gb
55,Abmajor,1,,4,,15,"['Ab', '|', 'Eb', '|', 'Bb-', '|', 'Db', '|', 'Ab', '|', 'Eb', '|', 'Bb-', '|', 'Db', '|', 'Ab', '|', 'Eb', '|', 'Bb-', '|', 'Db', '|', 'Ab', '|', 'Eb', '|', 'Bb-', '|', 'Db']","['C5', 'Bb4', 'Ab4', 'Ab4', 'Ab4', 'Eb4', 'Ab4', '(', '|', 'Ab4', 'Bb4', 'Bb4', 'Bb4', 'Db5', 'Db5', 'Db5', '|', 'Db5', 'C5', 'C5', 'Bb4', 'Bb4', 'F4', 'F4', 'Db5', '(', '|', 'Db5', 'C5', 'C5', 'Bb4', 'Bb4', 'Db5', 'Db5', 'C5', '|', 'C5', 'Bb4', 'Bb4', 'Ab4', 'Ab4', 'F4', 'Eb4', 'Ab4', '(', '|', 'Ab4', 'Bb4', 'Bb4', 'Bb4', 'Ab5', 'Ab5', 'F5', '|', 'Ab5', 'F5', 'Eb5', 'Eb5', 'F5', 'Bb4', '(', '|', 'Bb4', 'Ab4', '&', 'Db5', 'Db5', 'Db5', '|', 'Db5', 'C5', 'Bb4', 'Bb4', 'Ab4', 'Ab4', 'Ab4', 'Eb4', '|', 'Ab4', 'Bb4', 'Bb4', 'Db5', 'Db5', 'Db5', '|', 'Db5', 'C5', 'C5', 'C5', 'C5', 'Db5', 'Db5', 'Db5', '|', 'Db5', 'C5', 'Ab4', 'Bb4', 'Db5', 'Db5', 'Db5', '|', 'Db5', 'C5', 'Bb4', 'Ab4', 'Ab4', 'Ab4', 'Ab4', 'Eb4', '|', 'Ab4', 'Bb4', 'Bb4', 'Bb4', 'Ab5', 'Ab5', 'F5', '|', 'Ab5', 'F5', 'Eb5', 'Eb5', 'F5', 'Bb4', '(', '|', 'Bb4', 'Ab4', '&']","[0.5, 0.5, 0.5, 1.0, 0.5, 0.5, 0.5, '|', 0.5, 0.5, 0.5, 1.0, 0.5, 0.5, 0.5, '|', 0.5, 0.5, 0.5, 0.5, 0.5, 0.5, 0.5, 0.5, '|', 0.5, 0.5, 0.5, 0.5, 0.5, 0.5, 0.5, 0.5, '|', 0.5, 0.5, 0.5, 0.5, 0.5, 0.5, 0.5, 0.5, '|', 0.5, 0.5, 0.5, 1.0, 0.5, 0.5, 0.5, '|', 0.5, 0.5, 0.5, 1.0, 1.0, 0.5, '|', 0.5, 1.5, 0.5, 0.5, 0.5, 0.5, '|', 0.5, 0.5, 0.5, 0.5, 0.5, 0.5, 0.5, 0.5, '|', 0.5, 1.0, 1.0, 0.5, 0.5, 0.5, '|', 0.5, 0.5, 0.5, 0.5, 0.5, 0.5, 0.5, 0.5, '|', 0.5, 0.5, 0.5, 1.0, 0.5, 0.5, 0.5, '|', 0.5, 0.5, 0.5, 0.5, 0.5, 0.5, 0.5, 0.5, '|', 0.5, 0.5, 0.5, 1.0, 0.5, 0.5, 0.5, '|', 0.5, 0.5, 0.5, 1.0, 1.0, 0.5, '|', 0.5, 1.5, 2.0]",Ab,Db
56,Ebmajor,1,,4,,15,"['Eb', '|', 'Bb', '|', 'F-', '|', 'Ab', '|', 'Eb', '|', 'Bb', '|', 'F-', '|', 'Ab', '|', 'Eb', '|', 'Bb', '|', 'F-', '|', 'Ab', '|', 'Eb', '|', 'Bb', '|', 'F-', '|', 'Ab']","['G4', 'F4', 'Eb4', 'Eb4', 'Eb4', 'Bb3', 'Eb4', '(', '|', 'Eb4', 'F4', 'F4', 'F4', 'Ab4', 'Ab4', 'Ab4', '|', 'Ab4', 'G4', 'G4', 'F4', 'F4', 'C4', 'C4', 'Ab4', '(', '|', 'Ab4', 'G4', 'G4', 'F4', 'F4', 'Ab4', 'Ab4', 'G4', '|', 'G4', 'F4', 'F4', 'Eb4', 'Eb4', 'C4', 'Bb3', 'Eb4', '(', '|', 'Eb4', 'F4', 'F4', 'F4', 'Eb5', 'Eb5', 'C5', '|', 'Eb5', 'C5', 'Bb4', 'Bb4', 'C5', 'F4', '(', '|', 'F4', 'Eb4', '&', 'Ab4', 'Ab4', 'Ab4', '|', 'Ab4', 'G4', 'F4', 'F4', 'Eb4', 'Eb4', 'Eb4', 'Bb3', '|', 'Eb4', 'F4', 'F4', 'Ab4', 'Ab4', 'Ab4', '|', 'Ab4', 'G4', 'G4', 'G4', 'G4', 'Ab4', 'Ab4', 'Ab4', '|', 'Ab4', 'G4', 'Eb4', 'F4', 'Ab4', 'Ab4', 'Ab4', '|', 'Ab4', 'G4', 'F4', 'Eb4', 'Eb4', 'Eb4', 'Eb4', 'Bb3', '|', 'Eb4', 'F4', 'F4', 'F4', 'Eb5', 'Eb5', 'C5', '|', 'Eb5', 'C5', 'Bb4', 'Bb4', 'C5', 'F4', '(', '|', 'F4', 'Eb4', '&']","[0.5, 0.5, 0.5, 1.0, 0.5, 0.5, 0.5, '|', 0.5, 0.5, 0.5, 1.0, 0.5, 0.5, 0.5, '|', 0.5, 0.5, 0.5, 0.5, 0.5, 0.5, 0.5, 0.5, '|', 0.5, 0.5, 0.5, 0.5, 0.5, 0.5, 0.5, 0.5, '|', 0.5, 0.5, 0.5, 0.5, 0.5, 0.5, 0.5, 0.5, '|', 0.5, 0.5, 0.5, 1.0, 0.5, 0.5, 0.5, '|', 0.5, 0.5, 0.5, 1.0, 1.0, 0.5, '|', 0.5, 1.5, 0.5, 0.5, 0.5, 0.5, '|', 0.5, 0.5, 0.5, 0.5, 0.5, 0.5, 0.5, 0.5, '|', 0.5, 1.0, 1.0, 0.5, 0.5, 0.5, '|', 0.5, 0.5, 0.5, 0.5, 0.5, 0.5, 0.5, 0.5, '|', 0.5, 0.5, 0.5, 1.0, 0.5, 0.5, 0.5, '|', 0.5, 0.5, 0.5, 0.5, 0.5, 0.5, 0.5, 0.5, '|', 0.5, 0.5, 0.5, 1.0, 0.5, 0.5, 0.5, '|', 0.5, 0.5, 0.5, 1.0, 1.0, 0.5, '|', 0.5, 1.5, 2.0]",Eb,Ab
57,Bbmajor,1,,4,,15,"['Bb', '|', 'F', '|', 'C-', '|', 'Eb', '|', 'Bb', '|', 'F', '|', 'C-', '|', 'Eb', '|', 'Bb', '|', 'F', '|', 'C-', '|', 'Eb', '|', 'Bb', '|', 'F', '|', 'C-', '|', 'Eb']","['D5', 'C5', 'Bb4', 'Bb4', 'Bb4', 'F4', 'Bb4', '(', '|', 'Bb4', 'C5', 'C5', 'C5', 'Eb5', 'Eb5', 'Eb5', '|', 'Eb5', 'D5', 'D5', 'C5', 'C5', 'G4', 'G4', 'Eb5', '(', '|', 'Eb5', 'D5', 'D5', 'C5', 'C5', 'Eb5', 'Eb5', 'D5', '|', 'D5', 'C5', 'C5', 'Bb4', 'Bb4', 'G4', 'F4', 'Bb4', '(', '|', 'Bb4', 'C5', 'C5', 'C5', 'Bb5', 'Bb5', 'G5', '|', 'Bb5', 'G5', 'F5', 'F5', 'G5', 'C5', '(', '|', 'C5', 'Bb4', '&', 'Eb5', 'Eb5', 'Eb5', '|', 'Eb5', 'D5', 'C5', 'C5', 'Bb4', 'Bb4', 'Bb4', 'F4', '|', 'Bb4', 'C5', 'C5', 'Eb5', 'Eb5', 'Eb5', '|', 'Eb5', 'D5', 'D5', 'D5', 'D5', 'Eb5', 'Eb5', 'Eb5', '|', 'Eb5', 'D5', 'Bb4', 'C5', 'Eb5', 'Eb5', 'Eb5', '|', 'Eb5', 'D5', 'C5', 'Bb4', 'Bb4', 'Bb4', 'Bb4', 'F4', '|', 'Bb4', 'C5', 'C5', 'C5', 'Bb5', 'Bb5', 'G5', '|', 'Bb5', 'G5', 'F5', 'F5', 'G5', 'C5', '(', '|', 'C5', 'Bb4', '&']","[0.5, 0.5, 0.5, 1.0, 0.5, 0.5, 0.5, '|', 0.5, 0.5, 0.5, 1.0, 0.5, 0.5, 0.5, '|', 0.5, 0.5, 0.5, 0.5, 0.5, 0.5, 0.5, 0.5, '|', 0.5, 0.5, 0.5, 0.5, 0.5, 0.5, 0.5, 0.5, '|', 0.5, 0.5, 0.5, 0.5, 0.5, 0.5, 0.5, 0.5, '|', 0.5, 0.5, 0.5, 1.0, 0.5, 0.5, 0.5, '|', 0.5, 0.5, 0.5, 1.0, 1.0, 0.5, '|', 0.5, 1.5, 0.5, 0.5, 0.5, 0.5, '|', 0.5, 0.5, 0.5, 0.5, 0.5, 0.5, 0.5, 0.5, '|', 0.5, 1.0, 1.0, 0.5, 0.5, 0.5, '|', 0.5, 0.5, 0.5, 0.5, 0.5, 0.5, 0.5, 0.5, '|', 0.5, 0.5, 0.5, 1.0, 0.5, 0.5, 0.5, '|', 0.5, 0.5, 0.5, 0.5, 0.5, 0.5, 0.5, 0.5, '|', 0.5, 0.5, 0.5, 1.0, 0.5, 0.5, 0.5, '|', 0.5, 0.5, 0.5, 1.0, 1.0, 0.5, '|', 0.5, 1.5, 2.0]",Bb,Eb
58,Fmajor,1,,4,,15,"['F', '|', 'C', '|', 'G-', '|', 'Bb', '|', 'F', '|', 'C', '|', 'G-', '|', 'Bb', '|', 'F', '|', 'C', '|', 'G-', '|', 'Bb', '|', 'F', '|', 'C', '|', 'G-', '|', 'Bb']","['A4', 'G4', 'F4', 'F4', 'F4', 'C4', 'F4', '(', '|', 'F4', 'G4', 'G4', 'G4', 'Bb4', 'Bb4', 'Bb4', '|', 'Bb4', 'A4', 'A4', 'G4', 'G4', 'D4', 'D4', 'Bb4', '(', '|', 'Bb4', 'A4', 'A4', 'G4', 'G4', 'Bb4', 'Bb4', 'A4', '|', 'A4', 'G4', 'G4', 'F4', 'F4', 'D4', 'C4', 'F4', '(', '|', 'F4', 'G4', 'G4', 'G4', 'F5', 'F5', 'D5', '|', 'F5', 'D5', 'C5', 'C5', 'D5', 'G4', '(', '|', 'G4', 'F4', '&', 'Bb4', 'Bb4', 'Bb4', '|', 'Bb4', 'A4', 'G4', 'G4', 'F4', 'F4', 'F4', 'C4', '|', 'F4', 'G4', 'G4', 'Bb4', 'Bb4', 'Bb4', '|', 'Bb4', 'A4', 'A4', 'A4', 'A4', 'Bb4', 'Bb4', 'Bb4', '|', 'Bb4', 'A4', 'F4', 'G4', 'Bb4', 'Bb4', 'Bb4', '|', 'Bb4', 'A4', 'G4', 'F4', 'F4', 'F4', 'F4', 'C4', '|', 'F4', 'G4', 'G4', 'G4', 'F5', 'F5', 'D5', '|', 'F5', 'D5', 'C5', 'C5', 'D5', 'G4', '(', '|', 'G4', 'F4', '&']","[0.5, 0.5, 0.5, 1.0, 0.5, 0.5, 0.5, '|', 0.5, 0.5, 0.5, 1.0, 0.5, 0.5, 0.5, '|', 0.5, 0.5, 0.5, 0.5, 0.5, 0.5, 0.5, 0.5, '|', 0.5, 0.5, 0.5, 0.5, 0.5, 0.5, 0.5, 0.5, '|', 0.5, 0.5, 0.5, 0.5, 0.5, 0.5, 0.5, 0.5, '|', 0.5, 0.5, 0.5, 1.0, 0.5, 0.5, 0.5, '|', 0.5, 0.5, 0.5, 1.0, 1.0, 0.5, '|', 0.5, 1.5, 0.5, 0.5, 0.5, 0.5, '|', 0.5, 0.5, 0.5, 0.5, 0.5, 0.5, 0.5, 0.5, '|', 0.5, 1.0, 1.0, 0.5, 0.5, 0.5, '|', 0.5, 0.5, 0.5, 0.5, 0.5, 0.5, 0.5, 0.5, '|', 0.5, 0.5, 0.5, 1.0, 0.5, 0.5, 0.5, '|', 0.5, 0.5, 0.5, 0.5, 0.5, 0.5, 0.5, 0.5, '|', 0.5, 0.5, 0.5, 1.0, 0.5, 0.5, 0.5, '|', 0.5, 0.5, 0.5, 1.0, 1.0, 0.5, '|', 0.5, 1.5, 2.0]",F,Bb
59,Cmajor,1,,4,,15,"['C', '|', 'G', '|', 'D-', '|', 'F', '|', 'C', '|', 'G', '|', 'D-', '|', 'F', '|', 'C', '|', 'G', '|', 'D-', '|', 'F', '|', 'C', '|', 'G', '|', 'D-', '|', 'F']","['E4', 'D4', 'C4', 'C4', 'C4', 'G3', 'C4', '(', '|', 'C4', 'D4', 'D4', 'D4', 'F4', 'F4', 'F4', '|', 'F4', 'E4', 'E4', 'D4', 'D4', 'A3', 'A3', 'F4', '(', '|', 'F4', 'E4', 'E4', 'D4', 'D4', 'F4', 'F4', 'E4', '|', 'E4', 'D4', 'D4', 'C4', 'C4', 'A3', 'G3', 'C4', '(', '|', 'C4', 'D4', 'D4', 'D4', 'C5', 'C5', 'A4', '|', 'C5', 'A4', 'G4', 'G4', 'A4', 'D4', '(', '|', 'D4', 'C4', '&', 'F4', 'F4', 'F4', '|', 'F4', 'E4', 'D4', 'D4', 'C4', 'C4', 'C4', 'G3', '|', 'C4', 'D4', 'D4', 'F4', 'F4', 'F4', '|', 'F4', 'E4', 'E4', 'E4', 'E4', 'F4', 'F4', 'F4', '|', 'F4', 'E4', 'C4', 'D4', 'F4', 'F4', 'F4', '|', 'F4', 'E4', 'D4', 'C4', 'C4', 'C4', 'C4', 'G3', '|', 'C4', 'D4', 'D4', 'D4', 'C5', 'C5', 'A4', '|', 'C5', 'A4', 'G4', 'G4', 'A4', 'D4', '(', '|', 'D4', 'C4', '&']","[0.5, 0.5, 0.5, 1.0, 0.5, 0.5, 0.5, '|', 0.5, 0.5, 0.5, 1.0, 0.5, 0.5, 0.5, '|', 0.5, 0.5, 0.5, 0.5, 0.5, 0.5, 0.5, 0.5, '|', 0.5, 0.5, 0.5, 0.5, 0.5, 0.5, 0.5, 0.5, '|', 0.5, 0.5, 0.5, 0.5, 0.5, 0.5, 0.5, 0.5, '|', 0.5, 0.5, 0.5, 1.0, 0.5, 0.5, 0.5, '|', 0.5, 0.5, 0.5, 1.0, 1.0, 0.5, '|', 0.5, 1.5, 0.5, 0.5, 0.5, 0.5, '|', 0.5, 0.5, 0.5, 0.5, 0.5, 0.5, 0.5, 0.5, '|', 0.5, 1.0, 1.0, 0.5, 0.5, 0.5, '|', 0.5, 0.5, 0.5, 0.5, 0.5, 0.5, 0.5, 0.5, '|', 0.5, 0.5, 0.5, 1.0, 0.5, 0.5, 0.5, '|', 0.5, 0.5, 0.5, 0.5, 0.5, 0.5, 0.5, 0.5, '|', 0.5, 0.5, 0.5, 1.0, 0.5, 0.5, 0.5, '|', 0.5, 0.5, 0.5, 1.0, 1.0, 0.5, '|', 0.5, 1.5, 2.0]",C,F
60,Gmajor,1,,4,,15,"['G', '|', 'D', '|', 'A-', '|', 'C', '|', 'G', '|', 'D', '|', 'A-', '|', 'C', '|', 'G', '|', 'D', '|', 'A-', '|', 'C', '|', 'G', '|', 'D', '|', 'A-', '|', 'C']","['B4', 'A4', 'G4', 'G4', 'G4', 'D4', 'G4', '(', '|', 'G4', 'A4', 'A4', 'A4', 'C5', 'C5', 'C5', '|', 'C5', 'B4', 'B4', 'A4', 'A4', 'E4', 'E4', 'C5', '(', '|', 'C5', 'B4', 'B4', 'A4', 'A4', 'C5', 'C5', 'B4', '|', 'B4', 'A4', 'A4', 'G4', 'G4', 'E4', 'D4', 'G4', '(', '|', 'G4', 'A4', 'A4', 'A4', 'G5', 'G5', 'E5', '|', 'G5', 'E5', 'D5', 'D5', 'E5', 'A4', '(', '|', 'A4', 'G4', '&', 'C5', 'C5', 'C5', '|', 'C5', 'B4', 'A4', 'A4', 'G4', 'G4', 'G4', 'D4', '|', 'G4', 'A4', 'A4', 'C5', 'C5', 'C5', '|', 'C5', 'B4', 'B4', 'B4', 'B4', 'C5', 'C5', 'C5', '|', 'C5', 'B4', 'G4', 'A4', 'C5', 'C5', 'C5', '|', 'C5', 'B4', 'A4', 'G4', 'G4', 'G4', 'G4', 'D4', '|', 'G4', 'A4', 'A4', 'A4', 'G5', 'G5', 'E5', '|', 'G5', 'E5', 'D5', 'D5', 'E5', 'A4', '(', '|', 'A4', 'G4', '&']","[0.5, 0.5, 0.5, 1.0, 0.5, 0.5, 0.5, '|', 0.5, 0.5, 0.5, 1.0, 0.5, 0.5, 0.5, '|', 0.5, 0.5, 0.5, 0.5, 0.5, 0.5, 0.5, 0.5, '|', 0.5, 0.5, 0.5, 0.5, 0.5, 0.5, 0.5, 0.5, '|', 0.5, 0.5, 0.5, 0.5, 0.5, 0.5, 0.5, 0.5, '|', 0.5, 0.5, 0.5, 1.0, 0.5, 0.5, 0.5, '|', 0.5, 0.5, 0.5, 1.0, 1.0, 0.5, '|', 0.5, 1.5, 0.5, 0.5, 0.5, 0.5, '|', 0.5, 0.5, 0.5, 0.5, 0.5, 0.5, 0.5, 0.5, '|', 0.5, 1.0, 1.0, 0.5, 0.5, 0.5, '|', 0.5, 0.5, 0.5, 0.5, 0.5, 0.5, 0.5, 0.5, '|', 0.5, 0.5, 0.5, 1.0, 0.5, 0.5, 0.5, '|', 0.5, 0.5, 0.5, 0.5, 0.5, 0.5, 0.5, 0.5, '|', 0.5, 0.5, 0.5, 1.0, 0.5, 0.5, 0.5, '|', 0.5, 0.5, 0.5, 1.0, 1.0, 0.5, '|', 0.5, 1.5, 2.0]",G,C
61,Dmajor,1,,4,,15,"['D', '|', 'A', '|', 'E-', '|', 'G', '|', 'D', '|', 'A', '|', 'E-', '|', 'G', '|', 'D', '|', 'A', '|', 'E-', '|', 'G', '|', 'D', '|', 'A', '|', 'E-', '|', 'G']","['F#4', 'E4', 'D4', 'D4', 'D4', 'A3', 'D4', '(', '|', 'D4', 'E4', 'E4', 'E4', 'G4', 'G4', 'G4', '|', 'G4', 'F#4', 'F#4', 'E4', 'E4', 'B3', 'B3', 'G4', '(', '|', 'G4', 'F#4', 'F#4', 'E4', 'E4', 'G4', 'G4', 'F#4', '|', 'F#4', 'E4', 'E4', 'D4', 'D4', 'B3', 'A3', 'D4', '(', '|', 'D4', 'E4', 'E4', 'E4', 'D5', 'D5', 'B4', '|', 'D5', 'B4', 'A4', 'A4', 'B4', 'E4', '(', '|', 'E4', 'D4', '&', 'G4', 'G4', 'G4', '|', 'G4', 'F#4', 'E4', 'E4', 'D4', 'D4', 'D4', 'A3', '|', 'D4', 'E4', 'E4', 'G4', 'G4', 'G4', '|', 'G4', 'F#4', 'F#4', 'F#4', 'F#4', 'G4', 'G4', 'G4', '|', 'G4', 'F#4', 'D4', 'E4', 'G4', 'G4', 'G4', '|', 'G4', 'F#4', 'E4', 'D4', 'D4', 'D4', 'D4', 'A3', '|', 'D4', 'E4', 'E4', 'E4', 'D5', 'D5', 'B4', '|', 'D5', 'B4', 'A4', 'A4', 'B4', 'E4', '(', '|', 'E4', 'D4', '&']","[0.5, 0.5, 0.5, 1.0, 0.5, 0.5, 0.5, '|', 0.5, 0.5, 0.5, 1.0, 0.5, 0.5, 0.5, '|', 0.5, 0.5, 0.5, 0.5, 0.5, 0.5, 0.5, 0.5, '|', 0.5, 0.5, 0.5, 0.5, 0.5, 0.5, 0.5, 0.5, '|', 0.5, 0.5, 0.5, 0.5, 0.5, 0.5, 0.5, 0.5, '|', 0.5, 0.5, 0.5, 1.0, 0.5, 0.5, 0.5, '|', 0.5, 0.5, 0.5, 1.0, 1.0, 0.5, '|', 0.5, 1.5, 0.5, 0.5, 0.5, 0.5, '|', 0.5, 0.5, 0.5, 0.5, 0.5, 0.5, 0.5, 0.5, '|', 0.5, 1.0, 1.0, 0.5, 0.5, 0.5, '|', 0.5, 0.5, 0.5, 0.5, 0.5, 0.5, 0.5, 0.5, '|', 0.5, 0.5, 0.5, 1.0, 0.5, 0.5, 0.5, '|', 0.5, 0.5, 0.5, 0.5, 0.5, 0.5, 0.5, 0.5, '|', 0.5, 0.5, 0.5, 1.0, 0.5, 0.5, 0.5, '|', 0.5, 0.5, 0.5, 1.0, 1.0, 0.5, '|', 0.5, 1.5, 2.0]",D,G
62,Amajor,1,,4,,15,"['A', '|', 'E', '|', 'B-', '|', 'D', '|', 'A', '|', 'E', '|', 'B-', '|', 'D', '|', 'A', '|', 'E', '|', 'B-', '|', 'D', '|', 'A', '|', 'E', '|', 'B-', '|', 'D']","['C#5', 'B4', 'A4', 'A4', 'A4', 'E4', 'A4', '(', '|', 'A4', 'B4', 'B4', 'B4', 'D5', 'D5', 'D5', '|', 'D5', 'C#5', 'C#5', 'B4', 'B4', 'F#4', 'F#4', 'D5', '(', '|', 'D5', 'C#5', 'C#5', 'B4', 'B4', 'D5', 'D5', 'C#5', '|', 'C#5', 'B4', 'B4', 'A4', 'A4', 'F#4', 'E4', 'A4', '(', '|', 'A4', 'B4', 'B4', 'B4', 'A5', 'A5', 'F#5', '|', 'A5', 'F#5', 'E5', 'E5', 'F#5', 'B4', '(', '|', 'B4', 'A4', '&', 'D5', 'D5', 'D5', '|', 'D5', 'C#5', 'B4', 'B4', 'A4', 'A4', 'A4', 'E4', '|', 'A4', 'B4', 'B4', 'D5', 'D5', 'D5', '|', 'D5', 'C#5', 'C#5', 'C#5', 'C#5', 'D5', 'D5', 'D5', '|', 'D5', 'C#5', 'A4', 'B4', 'D5', 'D5', 'D5', '|', 'D5', 'C#5', 'B4', 'A4', 'A4', 'A4', 'A4', 'E4', '|', 'A4', 'B4', 'B4', 'B4', 'A5', 'A5', 'F#5', '|', 'A5', 'F#5', 'E5', 'E5', 'F#5', 'B4', '(', '|', 'B4', 'A4', '&']","[0.5, 0.5, 0.5, 1.0, 0.5, 0.5, 0.5, '|', 0.5, 0.5, 0.5, 1.0, 0.5, 0.5, 0.5, '|', 0.5, 0.5, 0.5, 0.5, 0.5, 0.5, 0.5, 0.5, '|', 0.5, 0.5, 0.5, 0.5, 0.5, 0.5, 0.5, 0.5, '|', 0.5, 0.5, 0.5, 0.5, 0.5, 0.5, 0.5, 0.5, '|', 0.5, 0.5, 0.5, 1.0, 0.5, 0.5, 0.5, '|', 0.5, 0.5, 0.5, 1.0, 1.0, 0.5, '|', 0.5, 1.5, 0.5, 0.5, 0.5, 0.5, '|', 0.5, 0.5, 0.5, 0.5, 0.5, 0.5, 0.5, 0.5, '|', 0.5, 1.0, 1.0, 0.5, 0.5, 0.5, '|', 0.5, 0.5, 0.5, 0.5, 0.5, 0.5, 0.5, 0.5, '|', 0.5, 0.5, 0.5, 1.0, 0.5, 0.5, 0.5, '|', 0.5, 0.5, 0.5, 0.5, 0.5, 0.5, 0.5, 0.5, '|', 0.5, 0.5, 0.5, 1.0, 0.5, 0.5, 0.5, '|', 0.5, 0.5, 0.5, 1.0, 1.0, 0.5, '|', 0.5, 1.5, 2.0]",A,D
63,Emajor,1,,4,,15,"['E', '|', 'B', '|', 'F#-', '|', 'A', '|', 'E', '|', 'B', '|', 'F#-', '|', 'A', '|', 'E', '|', 'B', '|', 'F#-', '|', 'A', '|', 'E', '|', 'B', '|', 'F#-', '|', 'A']","['G#4', 'F#4', 'E4', 'E4', 'E4', 'B3', 'E4', '(', '|', 'E4', 'F#4', 'F#4', 'F#4', 'A4', 'A4', 'A4', '|', 'A4', 'G#4', 'G#4', 'F#4', 'F#4', 'C#4', 'C#4', 'A4', '(', '|', 'A4', 'G#4', 'G#4', 'F#4', 'F#4', 'A4', 'A4', 'G#4', '|', 'G#4', 'F#4', 'F#4', 'E4', 'E4', 'C#4', 'B3', 'E4', '(', '|', 'E4', 'F#4', 'F#4', 'F#4', 'E5', 'E5', 'C#5', '|', 'E5', 'C#5', 'B4', 'B4', 'C#5', 'F#4', '(', '|', 'F#4', 'E4', '&', 'A4', 'A4', 'A4', '|', 'A4', 'G#4', 'F#4', 'F#4', 'E4', 'E4', 'E4', 'B3', '|', 'E4', 'F#4', 'F#4', 'A4', 'A4', 'A4', '|', 'A4', 'G#4', 'G#4', 'G#4', 'G#4', 'A4', 'A4', 'A4', '|', 'A4', 'G#4', 'E4', 'F#4', 'A4', 'A4', 'A4', '|', 'A4', 'G#4', 'F#4', 'E4', 'E4', 'E4', 'E4', 'B3', '|', 'E4', 'F#4', 'F#4', 'F#4', 'E5', 'E5', 'C#5', '|', 'E5', 'C#5', 'B4', 'B4', 'C#5', 'F#4', '(', '|', 'F#4', 'E4', '&']","[0.5, 0.5, 0.5, 1.0, 0.5, 0.5, 0.5, '|', 0.5, 0.5, 0.5, 1.0, 0.5, 0.5, 0.5, '|', 0.5, 0.5, 0.5, 0.5, 0.5, 0.5, 0.5, 0.5, '|', 0.5, 0.5, 0.5, 0.5, 0.5, 0.5, 0.5, 0.5, '|', 0.5, 0.5, 0.5, 0.5, 0.5, 0.5, 0.5, 0.5, '|', 0.5, 0.5, 0.5, 1.0, 0.5, 0.5, 0.5, '|', 0.5, 0.5, 0.5, 1.0, 1.0, 0.5, '|', 0.5, 1.5, 0.5, 0.5, 0.5, 0.5, '|', 0.5, 0.5, 0.5, 0.5, 0.5, 0.5, 0.5, 0.5, '|', 0.5, 1.0, 1.0, 0.5, 0.5, 0.5, '|', 0.5, 0.5, 0.5, 0.5, 0.5, 0.5, 0.5, 0.5, '|', 0.5, 0.5, 0.5, 1.0, 0.5, 0.5, 0.5, '|', 0.5, 0.5, 0.5, 0.5, 0.5, 0.5, 0.5, 0.5, '|', 0.5, 0.5, 0.5, 1.0, 0.5, 0.5, 0.5, '|', 0.5, 0.5, 0.5, 1.0, 1.0, 0.5, '|', 0.5, 1.5, 2.0]",E,A
64,Bmajor,1,,4,,15,"['B', '|', 'F#', '|', 'C#-', '|', 'E', '|', 'B', '|', 'F#', '|', 'C#-', '|', 'E', '|', 'B', '|', 'F#', '|', 'C#-', '|', 'E', '|', 'B', '|', 'F#', '|', 'C#-', '|', 'E']","['D#4', 'C#4', 'B3', 'B3', 'B3', 'F#3', 'B3', '(', '|', 'B3', 'C#4', 'C#4', 'C#4', 'E4', 'E4', 'E4', '|', 'E4', 'D#4', 'D#4', 'C#4', 'C#4', 'G#3', 'G#3', 'E4', '(', '|', 'E4', 'D#4', 'D#4', 'C#4', 'C#4', 'E4', 'E4', 'D#4', '|', 'D#4', 'C#4', 'C#4', 'B3', 'B3', 'G#3', 'F#3', 'B3', '(', '|', 'B3', 'C#4', 'C#4', 'C#4', 'B4', 'B4', 'G#4', '|', 'B4', 'G#4', 'F#4', 'F#4', 'G#4', 'C#4', '(', '|', 'C#4', 'B3', '&', 'E4', 'E4', 'E4', '|', 'E4', 'D#4', 'C#4', 'C#4', 'B3', 'B3', 'B3', 'F#3', '|', 'B3', 'C#4', 'C#4', 'E4', 'E4', 'E4', '|', 'E4', 'D#4', 'D#4', 'D#4', 'D#4', 'E4', 'E4', 'E4', '|', 'E4', 'D#4', 'B3', 'C#4', 'E4', 'E4', 'E4', '|', 'E4', 'D#4', 'C#4', 'B3', 'B3', 'B3', 'B3', 'F#3', '|', 'B3', 'C#4', 'C#4', 'C#4', 'B4', 'B4', 'G#4', '|', 'B4', 'G#4', 'F#4', 'F#4', 'G#4', 'C#4', '(', '|', 'C#4', 'B3', '&']","[0.5, 0.5, 0.5, 1.0, 0.5, 0.5, 0.5, '|', 0.5, 0.5, 0.5, 1.0, 0.5, 0.5, 0.5, '|', 0.5, 0.5, 0.5, 0.5, 0.5, 0.5, 0.5, 0.5, '|', 0.5, 0.5, 0.5, 0.5, 0.5, 0.5, 0.5, 0.5, '|', 0.5, 0.5, 0.5, 0.5, 0.5, 0.5, 0.5, 0.5, '|', 0.5, 0.5, 0.5, 1.0, 0.5, 0.5, 0.5, '|', 0.5, 0.5, 0.5, 1.0, 1.0, 0.5, '|', 0.5, 1.5, 0.5, 0.5, 0.5, 0.5, '|', 0.5, 0.5, 0.5, 0.5, 0.5, 0.5, 0.5, 0.5, '|', 0.5, 1.0, 1.0, 0.5, 0.5, 0.5, '|', 0.5, 0.5, 0.5, 0.5, 0.5, 0.5, 0.5, 0.5, '|', 0.5, 0.5, 0.5, 1.0, 0.5, 0.5, 0.5, '|', 0.5, 0.5, 0.5, 0.5, 0.5, 0.5, 0.5, 0.5, '|', 0.5, 0.5, 0.5, 1.0, 0.5, 0.5, 0.5, '|', 0.5, 0.5, 0.5, 1.0, 1.0, 0.5, '|', 0.5, 1.5, 2.0]",B,E
65,F#major,1,,4,,15,"['F#', '|', 'C#', '|', 'G#-', '|', 'B', '|', 'F#', '|', 'C#', '|', 'G#-', '|', 'B', '|', 'F#', '|', 'C#', '|', 'G#-', '|', 'B', '|', 'F#', '|', 'C#', '|', 'G#-', '|', 'B']","['A#4', 'G#4', 'F#4', 'F#4', 'F#4', 'C#4', 'F#4', '(', '|', 'F#4', 'G#4', 'G#4', 'G#4', 'B4', 'B4', 'B4', '|', 'B4', 'A#4', 'A#4', 'G#4', 'G#4', 'D#4', 'D#4', 'B4', '(', '|', 'B4', 'A#4', 'A#4', 'G#4', 'G#4', 'B4', 'B4', 'A#4', '|', 'A#4', 'G#4', 'G#4', 'F#4', 'F#4', 'D#4', 'C#4', 'F#4', '(', '|', 'F#4', 'G#4', 'G#4', 'G#4', 'F#5', 'F#5', 'D#5', '|', 'F#5', 'D#5', 'C#5', 'C#5', 'D#5', 'G#4', '(', '|', 'G#4', 'F#4', '&', 'B4', 'B4', 'B4', '|', 'B4', 'A#4', 'G#4', 'G#4', 'F#4', 'F#4', 'F#4', 'C#4', '|', 'F#4', 'G#4', 'G#4', 'B4', 'B4', 'B4', '|', 'B4', 'A#4', 'A#4', 'A#4', 'A#4', 'B4', 'B4', 'B4', '|', 'B4', 'A#4', 'F#4', 'G#4', 'B4', 'B4', 'B4', '|', 'B4', 'A#4', 'G#4', 'F#4', 'F#4', 'F#4', 'F#4', 'C#4', '|', 'F#4', 'G#4', 'G#4', 'G#4', 'F#5', 'F#5', 'D#5', '|', 'F#5', 'D#5', 'C#5', 'C#5', 'D#5', 'G#4', '(', '|', 'G#4', 'F#4', '&']","[0.5, 0.5, 0.5, 1.0, 0.5, 0.5, 0.5, '|', 0.5, 0.5, 0.5, 1.0, 0.5, 0.5, 0.5, '|', 0.5, 0.5, 0.5, 0.5, 0.5, 0.5, 0.5, 0.5, '|', 0.5, 0.5, 0.5, 0.5, 0.5, 0.5, 0.5, 0.5, '|', 0.5, 0.5, 0.5, 0.5, 0.5, 0.5, 0.5, 0.5, '|', 0.5, 0.5, 0.5, 1.0, 0.5, 0.5, 0.5, '|', 0.5, 0.5, 0.5, 1.0, 1.0, 0.5, '|', 0.5, 1.5, 0.5, 0.5, 0.5, 0.5, '|', 0.5, 0.5, 0.5, 0.5, 0.5, 0.5, 0.5, 0.5, '|', 0.5, 1.0, 1.0, 0.5, 0.5, 0.5, '|', 0.5, 0.5, 0.5, 0.5, 0.5, 0.5, 0.5, 0.5, '|', 0.5, 0.5, 0.5, 1.0, 0.5, 0.5, 0.5, '|', 0.5, 0.5, 0.5, 0.5, 0.5, 0.5, 0.5, 0.5, '|', 0.5, 0.5, 0.5, 1.0, 0.5, 0.5, 0.5, '|', 0.5, 0.5, 0.5, 1.0, 1.0, 0.5, '|', 0.5, 1.5, 2.0]",F#,B
66,C#major,1,,4,,15,"['C#', '|', 'G#', '|', 'D#-', '|', 'F#', '|', 'C#', '|', 'G#', '|', 'D#-', '|', 'F#', '|', 'C#', '|', 'G#', '|', 'D#-', '|', 'F#', '|', 'C#', '|', 'G#', '|', 'D#-', '|', 'F#']","['E#4', 'D#4', 'C#4', 'C#4', 'C#4', 'G#3', 'C#4', '(', '|', 'C#4', 'D#4', 'D#4', 'D#4', 'F#4', 'F#4', 'F#4', '|', 'F#4', 'E#4', 'E#4', 'D#4', 'D#4', 'A#3', 'A#3', 'F#4', '(', '|', 'F#4', 'E#4', 'E#4', 'D#4', 'D#4', 'F#4', 'F#4', 'E#4', '|', 'E#4', 'D#4', 'D#4', 'C#4', 'C#4', 'A#3', 'G#3', 'C#4', '(', '|', 'C#4', 'D#4', 'D#4', 'D#4', 'C#5', 'C#5', 'A#4', '|', 'C#5', 'A#4', 'G#4', 'G#4', 'A#4', 'D#4', '(', '|', 'D#4', 'C#4', '&', 'F#4', 'F#4', 'F#4', '|', 'F#4', 'E#4', 'D#4', 'D#4', 'C#4', 'C#4', 'C#4', 'G#3', '|', 'C#4', 'D#4', 'D#4', 'F#4', 'F#4', 'F#4', '|', 'F#4', 'E#4', 'E#4', 'E#4', 'E#4', 'F#4', 'F#4', 'F#4', '|', 'F#4', 'E#4', 'C#4', 'D#4', 'F#4', 'F#4', 'F#4', '|', 'F#4', 'E#4', 'D#4', 'C#4', 'C#4', 'C#4', 'C#4', 'G#3', '|', 'C#4', 'D#4', 'D#4', 'D#4', 'C#5', 'C#5', 'A#4', '|', 'C#5', 'A#4', 'G#4', 'G#4', 'A#4', 'D#4', '(', '|', 'D#4', 'C#4', '&']","[0.5, 0.5, 0.5, 1.0, 0.5, 0.5, 0.5, '|', 0.5, 0.5, 0.5, 1.0, 0.5, 0.5, 0.5, '|', 0.5, 0.5, 0.5, 0.5, 0.5, 0.5, 0.5, 0.5, '|', 0.5, 0.5, 0.5, 0.5, 0.5, 0.5, 0.5, 0.5, '|', 0.5, 0.5, 0.5, 0.5, 0.5, 0.5, 0.5, 0.5, '|', 0.5, 0.5, 0.5, 1.0, 0.5, 0.5, 0.5, '|', 0.5, 0.5, 0.5, 1.0, 1.0, 0.5, '|', 0.5, 1.5, 0.5, 0.5, 0.5, 0.5, '|', 0.5, 0.5, 0.5, 0.5, 0.5, 0.5, 0.5, 0.5, '|', 0.5, 1.0, 1.0, 0.5, 0.5, 0.5, '|', 0.5, 0.5, 0.5, 0.5, 0.5, 0.5, 0.5, 0.5, '|', 0.5, 0.5, 0.5, 1.0, 0.5, 0.5, 0.5, '|', 0.5, 0.5, 0.5, 0.5, 0.5, 0.5, 0.5, 0.5, '|', 0.5, 0.5, 0.5, 1.0, 0.5, 0.5, 0.5, '|', 0.5, 0.5, 0.5, 1.0, 1.0, 0.5, '|', 0.5, 1.5, 2.0]",C#,F#
67,G#major,1,,4,,15,"['G#', '|', 'D#', '|', 'A#-', '|', 'C#', '|', 'G#', '|', 'D#', '|', 'A#-', '|', 'C#', '|', 'G#', '|', 'D#', '|', 'A#-', '|', 'C#', '|', 'G#', '|', 'D#', '|', 'A#-', '|', 'C#']","['B#5', 'A#4', 'G#4', 'G#4', 'G#4', 'D#4', 'G#4', '(', '|', 'G#4', 'A#4', 'A#4', 'A#4', 'C#5', 'C#5', 'C#5', '|', 'C#5', 'B#5', 'B#5', 'A#4', 'A#4', 'E#4', 'E#4', 'C#5', '(', '|', 'C#5', 'B#5', 'B#5', 'A#4', 'A#4', 'C#5', 'C#5', 'B#5', '|', 'B#5', 'A#4', 'A#4', 'G#4', 'G#4', 'E#4', 'D#4', 'G#4', '(', '|', 'G#4', 'A#4', 'A#4', 'A#4', 'G#5', 'G#5', 'E#5', '|', 'G#5', 'E#5', 'D#5', 'D#5', 'E#5', 'A#4', '(', '|', 'A#4', 'G#4', '&', 'C#5', 'C#5', 'C#5', '|', 'C#5', 'B#5', 'A#4', 'A#4', 'G#4', 'G#4', 'G#4', 'D#4', '|', 'G#4', 'A#4', 'A#4', 'C#5', 'C#5', 'C#5', '|', 'C#5', 'B#5', 'B#5', 'B#5', 'B#5', 'C#5', 'C#5', 'C#5', '|', 'C#5', 'B#5', 'G#4', 'A#4', 'C#5', 'C#5', 'C#5', '|', 'C#5', 'B#5', 'A#4', 'G#4', 'G#4', 'G#4', 'G#4', 'D#4', '|', 'G#4', 'A#4', 'A#4', 'A#4', 'G#5', 'G#5', 'E#5', '|', 'G#5', 'E#5', 'D#5', 'D#5', 'E#5', 'A#4', '(', '|', 'A#4', 'G#4', '&']","[0.5, 0.5, 0.5, 1.0, 0.5, 0.5, 0.5, '|', 0.5, 0.5, 0.5, 1.0, 0.5, 0.5, 0.5, '|', 0.5, 0.5, 0.5, 0.5, 0.5, 0.5, 0.5, 0.5, '|', 0.5, 0.5, 0.5, 0.5, 0.5, 0.5, 0.5, 0.5, '|', 0.5, 0.5, 0.5, 0.5, 0.5, 0.5, 0.5, 0.5, '|', 0.5, 0.5, 0.5, 1.0, 0.5, 0.5, 0.5, '|', 0.5, 0.5, 0.5, 1.0, 1.0, 0.5, '|', 0.5, 1.5, 0.5, 0.5, 0.5, 0.5, '|', 0.5, 0.5, 0.5, 0.5, 0.5, 0.5, 0.5, 0.5, '|', 0.5, 1.0, 1.0, 0.5, 0.5, 0.5, '|', 0.5, 0.5, 0.5, 0.5, 0.5, 0.5, 0.5, 0.5, '|', 0.5, 0.5, 0.5, 1.0, 0.5, 0.5, 0.5, '|', 0.5, 0.5, 0.5, 0.5, 0.5, 0.5, 0.5, 0.5, '|', 0.5, 0.5, 0.5, 1.0, 0.5, 0.5, 0.5, '|', 0.5, 0.5, 0.5, 1.0, 1.0, 0.5, '|', 0.5, 1.5, 2.0]",G#,C#
68,Fbmajor,1,,4,,7,"['Bbb', '|', 'Bbb', '|', 'Bbb', '|', 'Bbb', '|', 'Db-', '|', 'Db-', '|', 'Cb', '|', 'Cb']","['&', 'Gb5', 'Gb5', 'Fb5', '|', 'Eb5', 'Db5', 'Gb5', '|', '&', 'Gb5', 'Gb5', 'Fb5', '|', 'Eb5', 'Db5', 'Gb5', 'Db5', '|', '&', 'Gb5', 'Gb5', 'Fb5', '|', 'Eb5', 'Db5', 'Ab5', '|', '&', 'Gb5', 'Gb5', 'Fb5', '|', 'Eb5', 'Db5', 'Gb5', 'Db5', '(']","[2.0, 0.75, 0.75, 0.5, '|', 1.0, 1.0, 2.0, '|', 2.0, 0.75, 0.75, 0.5, '|', 1.0, 1.0, 1.0, 1.0, '|', 2.0, 0.75, 0.75, 0.5, '|', 1.0, 1.0, 2.0, '|', 2.0, 0.75, 0.75, 0.5, '|', 1.0, 1.0, 1.0, 1.0]",Bbb,Cb
69,Cbmajor,1,,4,,7,"['Fb', '|', 'Fb', '|', 'Fb', '|', 'Fb', '|', 'Ab-', '|', 'Ab-', '|', 'Gb', '|', 'Gb']","['&', 'Db6', 'Db6', 'Cb5', '|', 'Bb5', 'Ab5', 'Db6', '|', '&', 'Db6', 'Db6', 'Cb5', '|', 'Bb5', 'Ab5', 'Db6', 'Ab5', '|', '&', 'Db6', 'Db6', 'Cb5', '|', 'Bb5', 'Ab5', 'Eb6', '|', '&', 'Db6', 'Db6', 'Cb5', '|', 'Bb5', 'Ab5', 'Db6', 'Ab5', '(']","[2.0, 0.75, 0.75, 0.5, '|', 1.0, 1.0, 2.0, '|', 2.0, 0.75, 0.75, 0.5, '|', 1.0, 1.0, 1.0, 1.0, '|', 2.0, 0.75, 0.75, 0.5, '|', 1.0, 1.0, 2.0, '|', 2.0, 0.75, 0.75, 0.5, '|', 1.0, 1.0, 1.0, 1.0]",Fb,Gb
70,Gbmajor,1,,4,,7,"['Cb', '|', 'Cb', '|', 'Cb', '|', 'Cb', '|', 'Eb-', '|', 'Eb-', '|', 'Db', '|', 'Db']","['&', 'Ab5', 'Ab5', 'Gb5', '|', 'F5', 'Eb5', 'Ab5', '|', '&', 'Ab5', 'Ab5', 'Gb5', '|', 'F5', 'Eb5', 'Ab5', 'Eb5', '|', '&', 'Ab5', 'Ab5', 'Gb5', '|', 'F5', 'Eb5', 'Bb5', '|', '&', 'Ab5', 'Ab5', 'Gb5', '|', 'F5', 'Eb5', 'Ab5', 'Eb5', '(']","[2.0, 0.75, 0.75, 0.5, '|', 1.0, 1.0, 2.0, '|', 2.0, 0.75, 0.75, 0.5, '|', 1.0, 1.0, 1.0, 1.0, '|', 2.0, 0.75, 0.75, 0.5, '|', 1.0, 1.0, 2.0, '|', 2.0, 0.75, 0.75, 0.5, '|', 1.0, 1.0, 1.0, 1.0]",Cb,Db
71,Dbmajor,1,,4,,7,"['Gb', '|', 'Gb', '|', 'Gb', '|', 'Gb', '|', 'Bb-', '|', 'Bb-', '|', 'Ab', '|', 'Ab']","['&', 'Eb5', 'Eb5', 'Db5', '|', 'C5', 'Bb4', 'Eb5', '|', '&', 'Eb5', 'Eb5', 'Db5', '|', 'C5', 'Bb4', 'Eb5', 'Bb4', '|', '&', 'Eb5', 'Eb5', 'Db5', '|', 'C5', 'Bb4', 'F5', '|', '&', 'Eb5', 'Eb5', 'Db5', '|', 'C5', 'Bb4', 'Eb5', 'Bb4', '(']","[2.0, 0.75, 0.75, 0.5, '|', 1.0, 1.0, 2.0, '|', 2.0, 0.75, 0.75, 0.5, '|', 1.0, 1.0, 1.0, 1.0, '|', 2.0, 0.75, 0.75, 0.5, '|', 1.0, 1.0, 2.0, '|', 2.0, 0.75, 0.75, 0.5, '|', 1.0, 1.0, 1.0, 1.0]",Gb,Ab
72,Abmajor,1,,4,,7,"['Db', '|', 'Db', '|', 'Db', '|', 'Db', '|', 'F-', '|', 'F-', '|', 'Eb', '|', 'Eb']","['&', 'Bb5', 'Bb5', 'Ab5', '|', 'G5', 'F5', 'Bb5', '|', '&', 'Bb5', 'Bb5', 'Ab5', '|', 'G5', 'F5', 'Bb5', 'F5', '|', '&', 'Bb5', 'Bb5', 'Ab5', '|', 'G5', 'F5', 'C6', '|', '&', 'Bb5', 'Bb5', 'Ab5', '|', 'G5', 'F5', 'Bb5', 'F5', '(']","[2.0, 0.75, 0.75, 0.5, '|', 1.0, 1.0, 2.0, '|', 2.0, 0.75, 0.75, 0.5, '|', 1.0, 1.0, 1.0, 1.0, '|', 2.0, 0.75, 0.75, 0.5, '|', 1.0, 1.0, 2.0, '|', 2.0, 0.75, 0.75, 0.5, '|', 1.0, 1.0, 1.0, 1.0]",Db,Eb
73,Ebmajor,1,,4,,7,"['Ab', '|', 'Ab', '|', 'Ab', '|', 'Ab', '|', 'C-', '|', 'C-', '|', 'Bb', '|', 'Bb']","['&', 'F5', 'F5', 'Eb5', '|', 'D5', 'C5', 'F5', '|', '&', 'F5', 'F5', 'Eb5', '|', 'D5', 'C5', 'F5', 'C5', '|', '&', 'F5', 'F5', 'Eb5', '|', 'D5', 'C5', 'G5', '|', '&', 'F5', 'F5', 'Eb5', '|', 'D5', 'C5', 'F5', 'C5', '(']","[2.0, 0.75, 0.75, 0.5, '|', 1.0, 1.0, 2.0, '|', 2.0, 0.75, 0.75, 0.5, '|', 1.0, 1.0, 1.0, 1.0, '|', 2.0, 0.75, 0.75, 0.5, '|', 1.0, 1.0, 2.0, '|', 2.0, 0.75, 0.75, 0.5, '|', 1.0, 1.0, 1.0, 1.0]",Ab,Bb
74,Bbmajor,1,,4,,7,"['Eb', '|', 'Eb', '|', 'Eb', '|', 'Eb', '|', 'G-', '|', 'G-', '|', 'F', '|', 'F']","['&', 'C6', 'C6', 'Bb5', '|', 'A5', 'G5', 'C6', '|', '&', 'C6', 'C6', 'Bb5', '|', 'A5', 'G5', 'C6', 'G5', '|', '&', 'C6', 'C6', 'Bb5', '|', 'A5', 'G5', 'D6', '|', '&', 'C6', 'C6', 'Bb5', '|', 'A5', 'G5', 'C6', 'G5', '(']","[2.0, 0.75, 0.75, 0.5, '|', 1.0, 1.0, 2.0, '|', 2.0, 0.75, 0.75, 0.5, '|', 1.0, 1.0, 1.0, 1.0, '|', 2.0, 0.75, 0.75, 0.5, '|', 1.0, 1.0, 2.0, '|', 2.0, 0.75, 0.75, 0.5, '|', 1.0, 1.0, 1.0, 1.0]",Eb,F
75,Fmajor,1,,4,,7,"['Bb', '|', 'Bb', '|', 'Bb', '|', 'Bb', '|', 'D-', '|', 'D-', '|', 'C', '|', 'C']","['&', 'G5', 'G5', 'F5', '|', 'E5', 'D5', 'G5', '|', '&', 'G5', 'G5', 'F5', '|', 'E5', 'D5', 'G5', 'D5', '|', '&', 'G5', 'G5', 'F5', '|', 'E5', 'D5', 'A5', '|', '&', 'G5', 'G5', 'F5', '|', 'E5', 'D5', 'G5', 'D5', '(']","[2.0, 0.75, 0.75, 0.5, '|', 1.0, 1.0, 2.0, '|', 2.0, 0.75, 0.75, 0.5, '|', 1.0, 1.0, 1.0, 1.0, '|', 2.0, 0.75, 0.75, 0.5, '|', 1.0, 1.0, 2.0, '|', 2.0, 0.75, 0.75, 0.5, '|', 1.0, 1.0, 1.0, 1.0]",Bb,C
76,Cmajor,1,,4,,7,"['F', '|', 'F', '|', 'F', '|', 'F', '|', 'A-', '|', 'A-', '|', 'G', '|', 'G']","['&', 'D5', 'D5', 'C5', '|', 'B4', 'A4', 'D5', '|', '&', 'D5', 'D5', 'C5', '|', 'B4', 'A4', 'D5', 'A4', '|', '&', 'D5', 'D5', 'C5', '|', 'B4', 'A4', 'E5', '|', '&', 'D5', 'D5', 'C5', '|', 'B4', 'A4', 'D5', 'A4', '(']","[2.0, 0.75, 0.75, 0.5, '|', 1.0, 1.0, 2.0, '|', 2.0, 0.75, 0.75, 0.5, '|', 1.0, 1.0, 1.0, 1.0, '|', 2.0, 0.75, 0.75, 0.5, '|', 1.0, 1.0, 2.0, '|', 2.0, 0.75, 0.75, 0.5, '|', 1.0, 1.0, 1.0, 1.0]",F,G
77,Gmajor,1,,4,,7,"['C', '|', 'C', '|', 'C', '|', 'C', '|', 'E-', '|', 'E-', '|', 'D', '|', 'D']","['&', 'A5', 'A5', 'G5', '|', 'F#5', 'E5', 'A5', '|', '&', 'A5', 'A5', 'G5', '|', 'F#5', 'E5', 'A5', 'E5', '|', '&', 'A5', 'A5', 'G5', '|', 'F#5', 'E5', 'B5', '|', '&', 'A5', 'A5', 'G5', '|', 'F#5', 'E5', 'A5', 'E5', '(']","[2.0, 0.75, 0.75, 0.5, '|', 1.0, 1.0, 2.0, '|', 2.0, 0.75, 0.75, 0.5, '|', 1.0, 1.0, 1.0, 1.0, '|', 2.0, 0.75, 0.75, 0.5, '|', 1.0, 1.0, 2.0, '|', 2.0, 0.75, 0.75, 0.5, '|', 1.0, 1.0, 1.0, 1.0]",C,D
78,Dmajor,1,,4,,7,"['G', '|', 'G', '|', 'G', '|', 'G', '|', 'B-', '|', 'B-', '|', 'A', '|', 'A']","['&', 'E5', 'E5', 'D5', '|', 'C#5', 'B4', 'E5', '|', '&', 'E5', 'E5', 'D5', '|', 'C#5', 'B4', 'E5', 'B4', '|', '&', 'E5', 'E5', 'D5', '|', 'C#5', 'B4', 'F#5', '|', '&', 'E5', 'E5', 'D5', '|', 'C#5', 'B4', 'E5', 'B4', '(']","[2.0, 0.75, 0.75, 0.5, '|', 1.0, 1.0, 2.0, '|', 2.0, 0.75, 0.75, 0.5, '|', 1.0, 1.0, 1.0, 1.0, '|', 2.0, 0.75, 0.75, 0.5, '|', 1.0, 1.0, 2.0, '|', 2.0, 0.75, 0.75, 0.5, '|', 1.0, 1.0, 1.0, 1.0]",G,A
79,Amajor,1,,4,,7,"['D', '|', 'D', '|', 'D', '|', 'D', '|', 'F#-', '|', 'F#-', '|', 'E', '|', 'E']","['&', 'B5', 'B5', 'A5', '|', 'G#5', 'F#5', 'B5', '|', '&', 'B5', 'B5', 'A5', '|', 'G#5', 'F#5', 'B5', 'F#5', '|', '&', 'B5', 'B5', 'A5', '|', 'G#5', 'F#5', 'C#6', '|', '&', 'B5', 'B5', 'A5', '|', 'G#5', 'F#5', 'B5', 'F#5', '(']","[2.0, 0.75, 0.75, 0.5, '|', 1.0, 1.0, 2.0, '|', 2.0, 0.75, 0.75, 0.5, '|', 1.0, 1.0, 1.0, 1.0, '|', 2.0, 0.75, 0.75, 0.5, '|', 1.0, 1.0, 2.0, '|', 2.0, 0.75, 0.75, 0.5, '|', 1.0, 1.0, 1.0, 1.0]",D,E
80,Emajor,1,,4,,7,"['A', '|', 'A', '|', 'A', '|', 'A', '|', 'C#-', '|', 'C#-', '|', 'B', '|', 'B']","['&', 'F#5', 'F#5', 'E5', '|', 'D#5', 'C#5', 'F#5', '|', '&', 'F#5', 'F#5', 'E5', '|', 'D#5', 'C#5', 'F#5', 'C#5', '|', '&', 'F#5', 'F#5', 'E5', '|', 'D#5', 'C#5', 'G#5', '|', '&', 'F#5', 'F#5', 'E5', '|', 'D#5', 'C#5', 'F#5', 'C#5', '(']","[2.0, 0.75, 0.75, 0.5, '|', 1.0, 1.0, 2.0, '|', 2.0, 0.75, 0.75, 0.5, '|', 1.0, 1.0, 1.0, 1.0, '|', 2.0, 0.75, 0.75, 0.5, '|', 1.0, 1.0, 2.0, '|', 2.0, 0.75, 0.75, 0.5, '|', 1.0, 1.0, 1.0, 1.0]",A,B
81,Bmajor,1,,4,,7,"['E', '|', 'E', '|', 'E', '|', 'E', '|', 'G#-', '|', 'G#-', '|', 'F#', '|', 'F#']","['&', 'C#5', 'C#5', 'B4', '|', 'A#4', 'G#4', 'C#5', '|', '&', 'C#5', 'C#5', 'B4', '|', 'A#4', 'G#4', 'C#5', 'G#4', '|', '&', 'C#5', 'C#5', 'B4', '|', 'A#4', 'G#4', 'D#5', '|', '&', 'C#5', 'C#5', 'B4', '|', 'A#4', 'G#4', 'C#5', 'G#4', '(']","[2.0, 0.75, 0.75, 0.5, '|', 1.0, 1.0, 2.0, '|', 2.0, 0.75, 0.75, 0.5, '|', 1.0, 1.0, 1.0, 1.0, '|', 2.0, 0.75, 0.75, 0.5, '|', 1.0, 1.0, 2.0, '|', 2.0, 0.75, 0.75, 0.5, '|', 1.0, 1.0, 1.0, 1.0]",E,F#
82,F#major,1,,4,,7,"['B', '|', 'B', '|', 'B', '|', 'B', '|', 'D#-', '|', 'D#-', '|', 'C#', '|', 'C#']","['&', 'G#5', 'G#5', 'F#5', '|', 'E#5', 'D#5', 'G#5', '|', '&', 'G#5', 'G#5', 'F#5', '|', 'E#5', 'D#5', 'G#5', 'D#5', '|', '&', 'G#5', 'G#5', 'F#5', '|', 'E#5', 'D#5', 'A#5', '|', '&', 'G#5', 'G#5', 'F#5', '|', 'E#5', 'D#5', 'G#5', 'D#5', '(']","[2.0, 0.75, 0.75, 0.5, '|', 1.0, 1.0, 2.0, '|', 2.0, 0.75, 0.75, 0.5, '|', 1.0, 1.0, 1.0, 1.0, '|', 2.0, 0.75, 0.75, 0.5, '|', 1.0, 1.0, 2.0, '|', 2.0, 0.75, 0.75, 0.5, '|', 1.0, 1.0, 1.0, 1.0]",B,C#
83,C#major,1,,4,,7,"['F#', '|', 'F#', '|', 'F#', '|', 'F#', '|', 'A#-', '|', 'A#-', '|', 'G#', '|', 'G#']","['&', 'D#5', 'D#5', 'C#5', '|', 'B#5', 'A#4', 'D#5', '|', '&', 'D#5', 'D#5', 'C#5', '|', 'B#5', 'A#4', 'D#5', 'A#4', '|', '&', 'D#5', 'D#5', 'C#5', '|', 'B#5', 'A#4', 'E#5', '|', '&', 'D#5', 'D#5', 'C#5', '|', 'B#5', 'A#4', 'D#5', 'A#4', '(']","[2.0, 0.75, 0.75, 0.5, '|', 1.0, 1.0, 2.0, '|', 2.0, 0.75, 0.75, 0.5, '|', 1.0, 1.0, 1.0, 1.0, '|', 2.0, 0.75, 0.75, 0.5, '|', 1.0, 1.0, 2.0, '|', 2.0, 0.75, 0.75, 0.5, '|', 1.0, 1.0, 1.0, 1.0]",F#,G#
84,G#major,1,,4,,7,"['C#', '|', 'C#', '|', 'C#', '|', 'C#', '|', 'E#-', '|', 'E#-', '|', 'D#', '|', 'D#']","['&', 'A#5', 'A#5', 'G#5', '|', 'F*5', 'E#5', 'A#5', '|', '&', 'A#5', 'A#5', 'G#5', '|', 'F*5', 'E#5', 'A#5', 'E#5', '|', '&', 'A#5', 'A#5', 'G#5', '|', 'F*5', 'E#5', 'B#6', '|', '&', 'A#5', 'A#5', 'G#5', '|', 'F*5', 'E#5', 'A#5', 'E#5', '(']","[2.0, 0.75, 0.75, 0.5, '|', 1.0, 1.0, 2.0, '|', 2.0, 0.75, 0.75, 0.5, '|', 1.0, 1.0, 1.0, 1.0, '|', 2.0, 0.75, 0.75, 0.5, '|', 1.0, 1.0, 2.0, '|', 2.0, 0.75, 0.75, 0.5, '|', 1.0, 1.0, 1.0, 1.0]",C#,D#
85,Fbmajor,1,Dance,4,,7,"['Db-', '|', 'Bbb', '|', 'Fb', '|', 'Cb', '|', 'Db-', '|', 'Bbb', '|', 'Fb', '|', 'Fb']","['Fb5', 'Gb5', 'Ab5', 'Gb5', 'Ab5', 'Gb5', 'Db5', '|', 'Fb5', 'Fb5', 'Gb5', 'Fb5', '(', '|', 'Fb5', 'Db5', '|', 'Gb5', '|', 'Fb5', 'Gb5', 'Ab5', 'Gb5', 'Ab5', 'Gb5', 'Db5', '&', '|', 'Fb5', '|', 'Bbb5', '(', '|', 'Bbb5', '(']","[0.5, 0.5, 0.5, 0.5, 0.5, 0.5, 1.0, '|', 2.0, 0.5, 1.0, 0.5, '|', 3.0, 1.0, '|', 4.0, '|', 0.5, 0.5, 0.5, 0.5, 0.5, 0.5, 0.5, 0.5, '|', 4.0, '|', 4.0, '|', 4.0]",Db-,Fb
86,Cbmajor,1,Dance,4,,7,"['Ab-', '|', 'Fb', '|', 'Cb', '|', 'Gb', '|', 'Ab-', '|', 'Fb', '|', 'Cb', '|', 'Cb']","['Cb5', 'Db6', 'Eb6', 'Db6', 'Eb6', 'Db6', 'Ab5', '|', 'Cb5', 'Cb5', 'Db6', 'Cb5', '(', '|', 'Cb5', 'Ab5', '|', 'Db6', '|', 'Cb5', 'Db6', 'Eb6', 'Db6', 'Eb6', 'Db6', 'Ab5', '&', '|', 'Cb5', '|', 'Fb6', '(', '|', 'Fb6', '(']","[0.5, 0.5, 0.5, 0.5, 0.5, 0.5, 1.0, '|', 2.0, 0.5, 1.0, 0.5, '|', 3.0, 1.0, '|', 4.0, '|', 0.5, 0.5, 0.5, 0.5, 0.5, 0.5, 0.5, 0.5, '|', 4.0, '|', 4.0, '|', 4.0]",Ab-,Cb
87,Gbmajor,1,Dance,4,,7,"['Eb-', '|', 'Cb', '|', 'Gb', '|', 'Db', '|', 'Eb-', '|', 'Cb', '|', 'Gb', '|', 'Gb']","['Gb5', 'Ab5', 'Bb5', 'Ab5', 'Bb5', 'Ab5', 'Eb5', '|', 'Gb5', 'Gb5', 'Ab5', 'Gb5', '(', '|', 'Gb5', 'Eb5', '|', 'Ab5', '|', 'Gb5', 'Ab5', 'Bb5', 'Ab5', 'Bb5', 'Ab5', 'Eb5', '&', '|', 'Gb5', '|', 'Cb5', '(', '|', 'Cb5', '(']","[0.5, 0.5, 0.5, 0.5, 0.5, 0.5, 1.0, '|', 2.0, 0.5, 1.0, 0.5, '|', 3.0, 1.0, '|', 4.0, '|', 0.5, 0.5, 0.5, 0.5, 0.5, 0.5, 0.5, 0.5, '|', 4.0, '|', 4.0, '|', 4.0]",Eb-,Gb
88,Dbmajor,1,Dance,4,,7,"['Bb-', '|', 'Gb', '|', 'Db', '|', 'Ab', '|', 'Bb-', '|', 'Gb', '|', 'Db', '|', 'Db']","['Db5', 'Eb5', 'F5', 'Eb5', 'F5', 'Eb5', 'Bb4', '|', 'Db5', 'Db5', 'Eb5', 'Db5', '(', '|', 'Db5', 'Bb4', '|', 'Eb5', '|', 'Db5', 'Eb5', 'F5', 'Eb5', 'F5', 'Eb5', 'Bb4', '&', '|', 'Db5', '|', 'Gb5', '(', '|', 'Gb5', '(']","[0.5, 0.5, 0.5, 0.5, 0.5, 0.5, 1.0, '|', 2.0, 0.5, 1.0, 0.5, '|', 3.0, 1.0, '|', 4.0, '|', 0.5, 0.5, 0.5, 0.5, 0.5, 0.5, 0.5, 0.5, '|', 4.0, '|', 4.0, '|', 4.0]",Bb-,Db
89,Abmajor,1,Dance,4,,7,"['F-', '|', 'Db', '|', 'Ab', '|', 'Eb', '|', 'F-', '|', 'Db', '|', 'Ab', '|', 'Ab']","['Ab5', 'Bb5', 'C6', 'Bb5', 'C6', 'Bb5', 'F5', '|', 'Ab5', 'Ab5', 'Bb5', 'Ab5', '(', '|', 'Ab5', 'F5', '|', 'Bb5', '|', 'Ab5', 'Bb5', 'C6', 'Bb5', 'C6', 'Bb5', 'F5', '&', '|', 'Ab5', '|', 'Db6', '(', '|', 'Db6', '(']","[0.5, 0.5, 0.5, 0.5, 0.5, 0.5, 1.0, '|', 2.0, 0.5, 1.0, 0.5, '|', 3.0, 1.0, '|', 4.0, '|', 0.5, 0.5, 0.5, 0.5, 0.5, 0.5, 0.5, 0.5, '|', 4.0, '|', 4.0, '|', 4.0]",F-,Ab
90,Ebmajor,1,Dance,4,,7,"['C-', '|', 'Ab', '|', 'Eb', '|', 'Bb', '|', 'C-', '|', 'Ab', '|', 'Eb', '|', 'Eb']","['Eb5', 'F5', 'G5', 'F5', 'G5', 'F5', 'C5', '|', 'Eb5', 'Eb5', 'F5', 'Eb5', '(', '|', 'Eb5', 'C5', '|', 'F5', '|', 'Eb5', 'F5', 'G5', 'F5', 'G5', 'F5', 'C5', '&', '|', 'Eb5', '|', 'Ab5', '(', '|', 'Ab5', '(']","[0.5, 0.5, 0.5, 0.5, 0.5, 0.5, 1.0, '|', 2.0, 0.5, 1.0, 0.5, '|', 3.0, 1.0, '|', 4.0, '|', 0.5, 0.5, 0.5, 0.5, 0.5, 0.5, 0.5, 0.5, '|', 4.0, '|', 4.0, '|', 4.0]",C-,Eb
91,Bbmajor,1,Dance,4,,7,"['G-', '|', 'Eb', '|', 'Bb', '|', 'F', '|', 'G-', '|', 'Eb', '|', 'Bb', '|', 'Bb']","['Bb5', 'C6', 'D6', 'C6', 'D6', 'C6', 'G5', '|', 'Bb5', 'Bb5', 'C6', 'Bb5', '(', '|', 'Bb5', 'G5', '|', 'C6', '|', 'Bb5', 'C6', 'D6', 'C6', 'D6', 'C6', 'G5', '&', '|', 'Bb5', '|', 'Eb6', '(', '|', 'Eb6', '(']","[0.5, 0.5, 0.5, 0.5, 0.5, 0.5, 1.0, '|', 2.0, 0.5, 1.0, 0.5, '|', 3.0, 1.0, '|', 4.0, '|', 0.5, 0.5, 0.5, 0.5, 0.5, 0.5, 0.5, 0.5, '|', 4.0, '|', 4.0, '|', 4.0]",G-,Bb
92,Fmajor,1,Dance,4,,7,"['D-', '|', 'Bb', '|', 'F', '|', 'C', '|', 'D-', '|', 'Bb', '|', 'F', '|', 'F']","['F5', 'G5', 'A5', 'G5', 'A5', 'G5', 'D5', '|', 'F5', 'F5', 'G5', 'F5', '(', '|', 'F5', 'D5', '|', 'G5', '|', 'F5', 'G5', 'A5', 'G5', 'A5', 'G5', 'D5', '&', '|', 'F5', '|', 'Bb5', '(', '|', 'Bb5', '(']","[0.5, 0.5, 0.5, 0.5, 0.5, 0.5, 1.0, '|', 2.0, 0.5, 1.0, 0.5, '|', 3.0, 1.0, '|', 4.0, '|', 0.5, 0.5, 0.5, 0.5, 0.5, 0.5, 0.5, 0.5, '|', 4.0, '|', 4.0, '|', 4.0]",D-,F
93,Cmajor,1,Dance,4,,7,"['A-', '|', 'F', '|', 'C', '|', 'G', '|', 'A-', '|', 'F', '|', 'C', '|', 'C']","['C5', 'D5', 'E5', 'D5', 'E5', 'D5', 'A4', '|', 'C5', 'C5', 'D5', 'C5', '(', '|', 'C5', 'A4', '|', 'D5', '|', 'C5', 'D5', 'E5', 'D5', 'E5', 'D5', 'A4', '&', '|', 'C5', '|', 'F5', '(', '|', 'F5', '(']","[0.5, 0.5, 0.5, 0.5, 0.5, 0.5, 1.0, '|', 2.0, 0.5, 1.0, 0.5, '|', 3.0, 1.0, '|', 4.0, '|', 0.5, 0.5, 0.5, 0.5, 0.5, 0.5, 0.5, 0.5, '|', 4.0, '|', 4.0, '|', 4.0]",A-,C
94,Gmajor,1,Dance,4,,7,"['E-', '|', 'C', '|', 'G', '|', 'D', '|', 'E-', '|', 'C', '|', 'G', '|', 'G']","['G5', 'A5', 'B5', 'A5', 'B5', 'A5', 'E5', '|', 'G5', 'G5', 'A5', 'G5', '(', '|', 'G5', 'E5', '|', 'A5', '|', 'G5', 'A5', 'B5', 'A5', 'B5', 'A5', 'E5', '&', '|', 'G5', '|', 'C6', '(', '|', 'C6', '(']","[0.5, 0.5, 0.5, 0.5, 0.5, 0.5, 1.0, '|', 2.0, 0.5, 1.0, 0.5, '|', 3.0, 1.0, '|', 4.0, '|', 0.5, 0.5, 0.5, 0.5, 0.5, 0.5, 0.5, 0.5, '|', 4.0, '|', 4.0, '|', 4.0]",E-,G
95,Dmajor,1,Dance,4,,7,"['B-', '|', 'G', '|', 'D', '|', 'A', '|', 'B-', '|', 'G', '|', 'D', '|', 'D']","['D5', 'E5', 'F#5', 'E5', 'F#5', 'E5', 'B4', '|', 'D5', 'D5', 'E5', 'D5', '(', '|', 'D5', 'B4', '|', 'E5', '|', 'D5', 'E5', 'F#5', 'E5', 'F#5', 'E5', 'B4', '&', '|', 'D5', '|', 'G5', '(', '|', 'G5', '(']","[0.5, 0.5, 0.5, 0.5, 0.5, 0.5, 1.0, '|', 2.0, 0.5, 1.0, 0.5, '|', 3.0, 1.0, '|', 4.0, '|', 0.5, 0.5, 0.5, 0.5, 0.5, 0.5, 0.5, 0.5, '|', 4.0, '|', 4.0, '|', 4.0]",B-,D
96,Amajor,1,Dance,4,,7,"['F#-', '|', 'D', '|', 'A', '|', 'E', '|', 'F#-', '|', 'D', '|', 'A', '|', 'A']","['A5', 'B5', 'C#6', 'B5', 'C#6', 'B5', 'F#5', '|', 'A5', 'A5', 'B5', 'A5', '(', '|', 'A5', 'F#5', '|', 'B5', '|', 'A5', 'B5', 'C#6', 'B5', 'C#6', 'B5', 'F#5', '&', '|', 'A5', '|', 'D6', '(', '|', 'D6', '(']","[0.5, 0.5, 0.5, 0.5, 0.5, 0.5, 1.0, '|', 2.0, 0.5, 1.0, 0.5, '|', 3.0, 1.0, '|', 4.0, '|', 0.5, 0.5, 0.5, 0.5, 0.5, 0.5, 0.5, 0.5, '|', 4.0, '|', 4.0, '|', 4.0]",F#-,A
97,Emajor,1,Dance,4,,7,"['C#-', '|', 'A', '|', 'E', '|', 'B', '|', 'C#-', '|', 'A', '|', 'E', '|', 'E']","['E5', 'F#5', 'G#5', 'F#5', 'G#5', 'F#5', 'C#5', '|', 'E5', 'E5', 'F#5', 'E5', '(', '|', 'E5', 'C#5', '|', 'F#5', '|', 'E5', 'F#5', 'G#5', 'F#5', 'G#5', 'F#5', 'C#5', '&', '|', 'E5', '|', 'A5', '(', '|', 'A5', '(']","[0.5, 0.5, 0.5, 0.5, 0.5, 0.5, 1.0, '|', 2.0, 0.5, 1.0, 0.5, '|', 3.0, 1.0, '|', 4.0, '|', 0.5, 0.5, 0.5, 0.5, 0.5, 0.5, 0.5, 0.5, '|', 4.0, '|', 4.0, '|', 4.0]",C#-,E
98,Bmajor,1,Dance,4,,7,"['G#-', '|', 'E', '|', 'B', '|', 'F#', '|', 'G#-', '|', 'E', '|', 'B', '|', 'B']","['B4', 'C#5', 'D#5', 'C#5', 'D#5', 'C#5', 'G#4', '|', 'B4', 'B4', 'C#5', 'B4', '(', '|', 'B4', 'G#4', '|', 'C#5', '|', 'B4', 'C#5', 'D#5', 'C#5', 'D#5', 'C#5', 'G#4', '&', '|', 'B4', '|', 'E5', '(', '|', 'E5', '(']","[0.5, 0.5, 0.5, 0.5, 0.5, 0.5, 1.0, '|', 2.0, 0.5, 1.0, 0.5, '|', 3.0, 1.0, '|', 4.0, '|', 0.5, 0.5, 0.5, 0.5, 0.5, 0.5, 0.5, 0.5, '|', 4.0, '|', 4.0, '|', 4.0]",G#-,B
99,F#major,1,Dance,4,,7,"['D#-', '|', 'B', '|', 'F#', '|', 'C#', '|', 'D#-', '|', 'B', '|', 'F#', '|', 'F#']","['F#5', 'G#5', 'A#5', 'G#5', 'A#5', 'G#5', 'D#5', '|', 'F#5', 'F#5', 'G#5', 'F#5', '(', '|', 'F#5', 'D#5', '|', 'G#5', '|', 'F#5', 'G#5', 'A#5', 'G#5', 'A#5', 'G#5', 'D#5', '&', '|', 'F#5', '|', 'B5', '(', '|', 'B5', '(']","[0.5, 0.5, 0.5, 0.5, 0.5, 0.5, 1.0, '|', 2.0, 0.5, 1.0, 0.5, '|', 3.0, 1.0, '|', 4.0, '|', 0.5, 0.5, 0.5, 0.5, 0.5, 0.5, 0.5, 0.5, '|', 4.0, '|', 4.0, '|', 4.0]",D#-,F#
